wildtype,sequential_site,region,reference_site
M,1,other ,1
F,2,other ,2
V,3,other ,3
L,4,other ,4
L,5,other ,5
V,6,other ,6
A,7,other ,7
Y,8,other ,8
A,9,other ,9
L,10,other ,10
L,11,other ,11
H,12,other ,12
I,13,other ,13
A,14,other ,14
G,15,other ,15
C,16,other ,16
Q,17,other ,17
T,18,S1,18
T,19,S1,19
N,20,S1,20
G,21,S1,21
L,22,S1,22
N,23,S1,23
T,24,S1,24
S,25,S1,25
H,26,S1,26
S,27,S1,27
V,28,S1,28
C,29,S1,29
N,30,S1,30
G,31,S1,31
C,32,S1,32
V,33,S1,33
G,34,S1,34
H,35,S1,35
S,36,S1,36
E,37,S1,37
N,38,S1,38
V,39,NTD,39
F,40,NTD,40
A,41,NTD,41
V,42,NTD,42
E,43,NTD,43
S,44,NTD,44
G,45,NTD,45
G,46,NTD,46
Y,47,NTD,47
I,48,NTD,48
P,49,NTD,49
S,50,NTD,50
D,51,NTD,51
F,52,NTD,52
A,53,NTD,53
F,54,NTD,54
N,55,NTD,55
N,56,NTD,56
W,57,NTD,57
F,58,NTD,58
L,59,NTD,59
L,60,NTD,60
T,61,NTD,61
N,62,NTD,62
T,63,NTD,63
S,64,NTD,64
S,65,NTD,65
V,66,NTD,66
V,67,NTD,67
D,68,NTD,68
G,69,NTD,69
V,70,NTD,70
V,71,NTD,71
R,72,NTD,72
S,73,NTD,73
F,74,NTD,74
Q,75,NTD,75
P,76,NTD,76
L,77,NTD,77
L,78,NTD,78
L,79,NTD,79
N,80,NTD,80
C,81,NTD,81
L,82,NTD,82
W,83,NTD,83
S,84,NTD,84
V,85,NTD,85
S,86,NTD,86
G,87,NTD,87
S,88,NTD,88
R,89,NTD,89
F,90,NTD,90
T,91,NTD,91
T,92,NTD,92
G,93,NTD,93
F,94,NTD,94
V,95,NTD,95
Y,96,NTD,96
F,97,NTD,97
N,98,NTD,98
G,99,NTD,99
T,100,NTD,100
G,101,NTD,101
R,102,NTD,102
G,103,NTD,103
D,104,NTD,104
C,105,NTD,105
K,106,NTD,106
G,107,NTD,107
F,108,NTD,108
Y,109,NTD,109
S,110,NTD,110
N,111,NTD,111
A,112,NTD,112
S,113,NTD,113
S,114,NTD,114
D,115,NTD,115
V,116,NTD,116
I,117,NTD,117
R,118,NTD,118
Y,119,NTD,119
N,120,NTD,120
I,121,NTD,121
N,122,NTD,122
F,123,NTD,123
E,124,NTD,124
R,125,NTD,125
N,126,NTD,126
L,127,NTD,127
R,128,NTD,128
R,129,NTD,129
G,130,NTD,130
T,131,NTD,131
I,132,NTD,132
L,133,NTD,133
F,134,NTD,134
K,135,NTD,135
T,136,NTD,136
S,137,NTD,137
Y,138,NTD,138
G,139,NTD,139
V,140,NTD,140
V,141,NTD,141
V,142,NTD,142
F,143,NTD,143
Y,144,NTD,144
C,145,NTD,145
T,146,NTD,146
N,147,NTD,147
N,148,NTD,148
T,149,NTD,149
L,150,NTD,150
V,151,NTD,151
S,152,NTD,152
G,153,NTD,153
D,154,NTD,154
A,155,NTD,155
H,156,NTD,156
I,157,NTD,157
P,158,NTD,158
F,159,NTD,159
G,160,NTD,160
T,161,NTD,161
V,162,NTD,162
L,163,NTD,163
G,164,NTD,164
N,165,NTD,165
F,166,NTD,166
Y,167,NTD,167
C,168,NTD,168
F,169,NTD,169
V,170,NTD,170
N,171,NTD,171
T,172,NTD,172
T,173,NTD,173
I,174,NTD,174
G,175,NTD,175
N,176,NTD,176
E,177,NTD,177
T,178,NTD,178
T,179,NTD,179
S,180,NTD,180
A,181,NTD,181
F,182,NTD,182
V,183,NTD,183
G,184,NTD,184
A,185,NTD,185
L,186,NTD,186
P,187,NTD,187
K,188,NTD,188
T,189,NTD,189
V,190,NTD,190
R,191,NTD,191
E,192,NTD,192
F,193,NTD,193
V,194,NTD,194
I,195,NTD,195
S,196,NTD,196
R,197,NTD,197
T,198,NTD,198
G,199,NTD,199
H,200,NTD,200
F,201,NTD,201
Y,202,NTD,202
I,203,NTD,203
N,204,NTD,204
G,205,NTD,205
Y,206,NTD,206
R,207,NTD,207
Y,208,NTD,208
F,209,NTD,209
T,210,NTD,210
L,211,NTD,211
G,212,NTD,212
N,213,NTD,213
V,214,NTD,214
E,215,NTD,215
A,216,NTD,216
V,217,NTD,217
N,218,NTD,218
F,219,NTD,219
N,220,NTD,220
V,221,NTD,221
T,222,NTD,222
N,223,NTD,223
A,224,NTD,224
E,225,NTD,225
T,226,NTD,226
T,227,NTD,227
V,228,NTD,229
C,229,NTD,230
T,230,NTD,231
V,231,NTD,232
A,232,NTD,233
L,233,NTD,234
A,234,NTD,235
S,235,NTD,236
Y,236,NTD,237
A,237,NTD,238
D,238,NTD,239
V,239,NTD,240
L,240,NTD,241
V,241,NTD,242
N,242,NTD,243
V,243,NTD,244
S,244,NTD,245
Q,245,NTD,246
T,246,NTD,247
A,247,NTD,248
I,248,NTD,249
A,249,NTD,250
N,250,NTD,251
I,251,NTD,252
I,252,NTD,253
Y,253,NTD,254
C,254,NTD,255
N,255,NTD,256
S,256,NTD,257
V,257,NTD,258
I,258,NTD,259
N,259,NTD,260
R,260,NTD,261
L,261,NTD,262
R,262,NTD,263
C,263,NTD,264
D,264,NTD,265
Q,265,NTD,266
L,266,NTD,267
S,267,NTD,268
F,268,S1,269
D,269,S1,270
V,270,S1,271
P,271,S1,272
D,272,S1,273
G,273,S1,274
F,274,S1,275
Y,275,S1,276
S,276,S1,277
T,277,S1,278
S,278,S1,279
P,279,S1,280
I,280,S1,281
Q,281,S1,282
S,282,S1,283
V,283,S1,284
E,284,S1,285
L,285,S1,286
P,286,S1,287
V,287,S1,288
S,288,S1,289
I,289,S1,290
V,290,S1,291
S,291,S1,292
L,292,S1,293
P,293,RBD,294
V,294,RBD,295
Y,295,RBD,296
H,296,RBD,297
K,297,RBD,298
H,298,RBD,299
T,299,RBD,300
F,300,RBD,301
I,301,RBD,302
V,302,RBD,303
L,303,RBD,304
Y,304,RBD,305
V,305,RBD,306
D,306,RBD,307
F,307,RBD,308
K,308,RBD,309
L,309,RBD,310
Q,310,RBD,311
S,311,RBD,312
G,312,RBD,313
V,313,RBD,314
G,314,RBD,315
R,315,RBD,316
C,316,RBD,317
F,317,RBD,318
N,318,RBD,319
C,319,RBD,320
R,320,RBD,321
P,321,RBD,322
A,322,RBD,323
V,323,RBD,324
V,324,RBD,325
N,325,RBD,326
I,326,RBD,327
T,327,RBD,328
L,328,RBD,329
A,329,RBD,330
N,330,RBD,331
F,331,RBD,332
N,332,RBD,333
E,333,RBD,334
T,334,RBD,335
K,335,RBD,336
G,336,RBD,337
P,337,RBD,338
L,338,RBD,339
C,339,RBD,340
V,340,RBD,341
D,341,RBD,342
T,342,RBD,343
S,343,RBD,344
H,344,RBD,345
F,345,RBD,346
T,346,RBD,347
T,347,RBD,348
K,348,RBD,349
F,349,RBD,350
V,350,RBD,351
G,351,RBD,352
A,352,RBD,355
N,353,RBD,356
F,354,RBD,357
G,355,RBD,358
R,356,RBD,359
W,357,RBD,360
S,358,RBD,361
A,359,RBD,362
S,360,RBD,363
I,361,RBD,364
N,362,RBD,365
T,363,RBD,366
G,364,RBD,367
N,365,RBD,368
C,366,RBD,369
P,367,RBD,370
F,368,RBD,371
S,369,RBD,372
F,370,RBD,373
G,371,RBD,374
K,372,RBD,375
V,373,RBD,376
N,374,RBD,377
N,375,RBD,378
F,376,RBD,379
V,377,RBD,380
K,378,RBD,381
F,379,RBD,382
G,380,RBD,383
S,381,RBD,384
V,382,RBD,385
C,383,RBD,386
F,384,RBD,387
S,385,RBD,388
L,386,RBD,389
K,387,RBD,390
D,388,RBD,391
I,389,RBD,392
P,390,RBD,393
G,391,RBD,394
G,392,RBD,395
C,393,RBD,396
A,394,RBD,397
M,395,RBD,398
P,396,RBD,399
I,397,RBD,400
V,398,RBD,401
A,399,RBD,402
N,400,RBD,403
L,401,RBD,404
A,402,RBD,405
Y,403,RBD,406
L,404,RBD,407
N,405,RBD,408
S,406,RBD,409
Y,407,RBD,410
T,408,RBD,411
I,409,RBD,412
G,410,RBD,413
S,411,RBD,414
L,412,RBD,415
Y,413,RBD,416
V,414,RBD,417
S,415,RBD,418
W,416,RBD,419
S,417,RBD,420
D,418,RBD,421
G,419,RBD,422
D,420,RBD,423
V,421,RBD,424
I,422,RBD,425
T,423,RBD,426
G,424,RBD,427
V,425,RBD,428
P,426,RBD,429
K,427,RBD,430
P,428,RBD,431
V,429,RBD,432
E,430,RBD,433
G,431,RBD,434
V,432,RBD,435
S,433,RBD,436
S,434,RBD,437
F,435,RBD,438
M,436,S1,439
N,437,S1,440
V,438,S1,441
T,439,S1,442
L,440,S1,443
N,441,S1,444
K,442,S1,445
C,443,S1,446
T,444,S1,447
K,445,S1,448
Y,446,S1,449
N,447,S1,450
I,448,S1,451
Y,449,S1,452
D,450,S1,453
V,451,S1,454
S,452,S1,455
G,453,S1,456
V,454,S1,457
G,455,S1,458
V,456,S1,459
I,457,S1,460
R,458,S1,461
I,459,S1,462
S,460,S1,463
N,461,S1,464
D,462,S1,465
T,463,S1,466
F,464,S1,467
L,465,S1,468
N,466,S1,469
G,467,S1,470
I,468,S1,471
T,469,S1,472
Y,470,S1,473
T,471,S1,474
S,472,S1,475
T,473,S1,476
S,474,S1,477
G,475,S1,478
N,476,S1,479
L,477,S1,480
L,478,S1,481
G,479,S1,482
F,480,S1,483
K,481,S1,484
D,482,S1,485
V,483,S1,486
T,484,S1,487
N,485,S1,488
G,486,S1,489
T,487,S1,490
I,488,S1,491
Y,489,S1,492
S,490,S1,493
I,491,S1,494
T,492,S1,495
P,493,S1,496
C,494,S1,497
N,495,S1,498
P,496,S1,499
P,497,S1,500
D,498,S1,501
Q,499,S1,502
L,500,S1,503
V,501,S1,504
V,502,S1,505
Y,503,S1,506
Q,504,S1,507
Q,505,S1,508
A,506,S1,509
V,507,S1,510
V,508,S1,511
G,509,S1,512
A,510,S1,513
M,511,S1,514
L,512,S1,515
S,513,S1,516
E,514,S1,517
N,515,S1,518
F,516,S1,519
T,517,S1,520
S,518,S1,521
Y,519,S1,522
G,520,S1,523
F,521,S1,524
S,522,S1,525
N,523,S1,526
V,524,S1,527
V,525,S1,528
E,526,S1,529
M,527,S1,530
P,528,S1,531
K,529,S1,532
F,530,S1,533
F,531,S1,534
Y,532,S1,535
A,533,S1,536
S,534,S1,537
N,535,S1,538
G,536,S1,539
T,537,S1,540
Y,538,S1,541
N,539,S1,542
C,540,S1,543
T,541,S1,544
D,542,S1,545
A,543,S1,546
V,544,S1,547
L,545,S1,548
T,546,S1,549
Y,547,S1,550
S,548,S1,551
S,549,S1,552
F,550,S1,553
G,551,S1,554
V,552,S1,555
C,553,S1,556
A,554,S1,557
D,555,S1,558
G,556,S1,559
S,557,S1,560
I,558,S1,561
I,559,S1,562
A,560,S1,563
V,561,S1,564
Q,562,S1,565
P,563,S1,566
R,564,S1,567
N,565,S1,568
V,566,S1,569
S,567,other,570
Y,568,other,571
D,569,other,572
S,570,other,573
V,571,other,574
S,572,other,575
A,573,other,576
I,574,other,577
V,575,other,578
T,576,S2,579
A,577,S2,580
N,578,S2,581
L,579,S2,582
S,580,S2,583
I,581,S2,584
P,582,S2,585
S,583,S2,586
N,584,S2,587
W,585,S2,588
T,586,S2,589
T,587,S2,590
S,588,S2,591
V,589,S2,592
Q,590,S2,593
V,591,S2,594
E,592,S2,595
Y,593,S2,596
L,594,S2,597
Q,595,S2,598
I,596,S2,599
T,597,S2,600
S,598,S2,601
T,599,S2,602
P,600,S2,603
I,601,S2,604
V,602,S2,605
V,603,S2,606
D,604,S2,607
C,605,S2,608
S,606,S2,609
T,607,S2,610
Y,608,S2,611
V,609,S2,612
C,610,S2,613
N,611,S2,614
G,612,S2,615
N,613,S2,616
V,614,S2,617
R,615,S2,618
C,616,S2,619
V,617,S2,620
E,618,S2,621
L,619,S2,622
L,620,S2,623
K,621,S2,624
Q,622,S2,625
Y,623,S2,626
T,624,S2,627
S,625,S2,628
A,626,S2,629
C,627,S2,630
K,628,S2,631
T,629,S2,632
I,630,S2,633
E,631,S2,634
D,632,S2,635
A,633,S2,636
L,634,S2,637
R,635,S2,638
N,636,S2,639
S,637,S2,640
A,638,S2,641
M,639,S2,642
L,640,S2,643
E,641,S2,644
S,642,S2,645
A,643,S2,646
D,644,S2,647
V,645,S2,648
S,646,S2,649
E,647,S2,650
M,648,S2,651
L,649,S2,652
T,650,S2,653
F,651,S2,654
D,652,S2,655
K,653,S2,656
K,654,S2,657
A,655,S2,658
F,656,S2,659
T,657,S2,660
L,658,S2,661
A,659,S2,662
N,660,S2,663
V,661,S2,664
S,662,S2,665
S,663,S2,666
F,664,S2,667
G,665,S2,668
D,666,S2,669
Y,667,S2,670
N,668,S2,671
L,669,S2,672
S,670,S2,673
S,671,S2,674
V,672,S2,675
I,673,S2,676
P,674,S2,677
S,675,S2,678
L,676,S2,679
P,677,S2,680
T,678,S2,681
S,679,S2,682
G,680,S2,683
S,681,S2,684
R,682,S2,685
V,683,S2,686
A,684,S2,687
G,685,S2,688
R,686,S2,689
S,687,S2,690
A,688,S2,691
I,689,S2,692
E,690,S2,693
D,691,S2,694
I,692,S2,695
L,693,S2,696
F,694,S2,697
S,695,S2,698
K,696,S2,699
L,697,S2,700
V,698,S2,701
T,699,S2,702
S,700,S2,703
G,701,S2,704
L,702,S2,705
G,703,S2,706
T,704,S2,707
V,705,S2,708
D,706,S2,709
A,707,S2,710
D,708,S2,711
Y,709,S2,712
K,710,S2,713
K,711,S2,714
C,712,S2,715
T,713,S2,716
K,714,S2,717
G,715,S2,718
L,716,S2,719
S,717,S2,720
I,718,S2,721
A,719,S2,722
D,720,S2,723
L,721,S2,724
A,722,S2,725
C,723,S2,726
A,724,S2,727
Q,725,S2,728
Y,726,S2,729
Y,727,S2,730
N,728,S2,731
G,729,S2,732
I,730,S2,733
M,731,S2,734
V,732,S2,735
L,733,S2,736
P,734,S2,737
G,735,S2,738
V,736,S2,739
A,737,S2,740
D,738,S2,741
A,739,S2,742
E,740,S2,743
R,741,S2,744
M,742,S2,745
A,743,S2,746
M,744,S2,747
Y,745,S2,748
T,746,S2,749
G,747,S2,750
S,748,S2,751
L,749,S2,752
I,750,S2,753
G,751,S2,754
G,752,S2,755
I,753,S2,756
A,754,S2,757
L,755,S2,758
G,756,S2,759
G,757,S2,760
L,758,S2,761
T,759,S2,762
S,760,S2,763
A,761,S2,764
A,762,S2,765
S,763,S2,766
I,764,S2,767
P,765,S2,768
F,766,S2,769
S,767,S2,770
L,768,S2,771
A,769,S2,772
I,770,S2,773
Q,771,S2,774
S,772,S2,775
R,773,S2,776
L,774,S2,777
N,775,S2,778
Y,776,S2,779
V,777,S2,780
A,778,S2,781
L,779,S2,782
Q,780,S2,783
T,781,S2,784
D,782,S2,785
V,783,S2,786
L,784,S2,787
Q,785,S2,788
E,786,S2,789
N,787,S2,790
Q,788,S2,791
K,789,S2,792
I,790,S2,793
L,791,S2,794
A,792,S2,795
A,793,S2,796
S,794,S2,797
F,795,S2,798
N,796,S2,799
K,797,S2,800
A,798,S2,801
M,799,S2,802
T,800,S2,803
N,801,S2,804
I,802,S2,805
V,803,S2,806
D,804,S2,807
A,805,S2,808
F,806,S2,809
T,807,S2,810
G,808,S2,811
V,809,S2,812
N,810,S2,813
D,811,S2,814
A,812,S2,815
I,813,S2,816
T,814,S2,817
Q,815,S2,818
T,816,S2,819
S,817,S2,820
Q,818,S2,821
A,819,S2,822
L,820,S2,823
Q,821,S2,824
T,822,S2,825
V,823,S2,826
A,824,S2,827
T,825,S2,828
A,826,S2,829
L,827,S2,830
N,828,S2,831
K,829,S2,832
I,830,S2,833
Q,831,S2,834
D,832,S2,835
V,833,S2,836
V,834,S2,837
N,835,S2,838
Q,836,S2,839
Q,837,S2,840
G,838,S2,841
N,839,S2,842
S,840,S2,843
L,841,S2,844
N,842,S2,845
H,843,S2,846
L,844,S2,847
T,845,S2,848
S,846,S2,849
Q,847,S2,850
L,848,S2,851
R,849,S2,852
Q,850,S2,853
N,851,S2,854
F,852,S2,855
Q,853,S2,856
A,854,S2,857
I,855,S2,858
S,856,S2,859
S,857,S2,860
S,858,S2,861
I,859,S2,862
Q,860,S2,863
A,861,S2,864
I,862,S2,865
Y,863,S2,866
D,864,S2,867
R,865,S2,868
L,866,S2,869
D,867,S2,870
I,868,S2,871
I,869,S2,872
Q,870,S2,873
A,871,S2,874
D,872,S2,875
Q,873,S2,876
Q,874,S2,877
V,875,S2,878
D,876,S2,879
R,877,S2,880
L,878,S2,881
I,879,S2,882
T,880,S2,883
G,881,S2,884
R,882,S2,885
L,883,S2,886
A,884,S2,887
A,885,S2,888
L,886,S2,889
N,887,S2,890
V,888,S2,891
F,889,S2,892
V,890,S2,893
S,891,S2,894
H,892,S2,895
T,893,S2,896
L,894,S2,897
T,895,S2,898
K,896,S2,899
Y,897,S2,900
T,898,S2,901
E,899,S2,902
V,900,S2,903
R,901,S2,904
A,902,S2,905
S,903,S2,906
R,904,S2,907
Q,905,S2,908
L,906,S2,909
A,907,S2,910
Q,908,S2,911
Q,909,S2,912
K,910,S2,913
V,911,S2,914
N,912,S2,915
E,913,S2,916
C,914,S2,917
V,915,S2,918
K,916,S2,919
S,917,S2,920
Q,918,S2,921
S,919,S2,922
K,920,S2,923
R,921,S2,924
Y,922,S2,925
G,923,S2,926
F,924,S2,927
C,925,S2,928
G,926,S2,929
N,927,S2,930
G,928,S2,931
T,929,S2,932
H,930,S2,933
I,931,S2,934
F,932,S2,935
S,933,S2,936
I,934,S2,937
V,935,S2,938
N,936,S2,939
A,937,S2,940
A,938,S2,941
P,939,S2,942
E,940,S2,943
G,941,S2,944
L,942,S2,945
V,943,S2,946
F,944,S2,947
L,945,S2,948
H,946,S2,949
T,947,S2,950
V,948,S2,951
L,949,S2,952
L,950,S2,953
P,951,S2,954
T,952,S2,955
Q,953,S2,956
Y,954,S2,957
K,955,S2,958
D,956,S2,959
V,957,S2,960
E,958,S2,961
A,959,S2,962
W,960,S2,963
S,961,S2,964
G,962,S2,965
L,963,S2,966
C,964,S2,967
V,965,S2,968
D,966,S2,969
G,967,S2,970
R,968,S2,971
N,969,S2,972
G,970,S2,973
Y,971,S2,974
V,972,S2,975
L,973,S2,976
R,974,S2,977
Q,975,S2,978
P,976,S2,979
N,977,S2,980
L,978,S2,981
A,979,S2,982
L,980,S2,983
Y,981,S2,984
K,982,S2,985
E,983,S2,986
G,984,S2,987
N,985,S2,988
Y,986,S2,989
Y,987,S2,990
R,988,S2,991
I,989,S2,992
T,990,S2,993
S,991,S2,994
R,992,S2,995
I,993,S2,996
M,994,S2,997
F,995,S2,998
E,996,S2,999
P,997,S2,1000
R,998,S2,1001
I,999,S2,1002
P,1000,S2,1003
T,1001,S2,1004
M,1002,S2,1005
A,1003,S2,1006
D,1004,S2,1007
F,1005,S2,1008
V,1006,S2,1009
Q,1007,S2,1010
I,1008,S2,1011
E,1009,S2,1012
N,1010,S2,1013
C,1011,S2,1014
N,1012,S2,1015
V,1013,S2,1016
T,1014,S2,1017
F,1015,S2,1018
V,1016,S2,1019
N,1017,S2,1020
I,1018,S2,1021
S,1019,S2,1022
R,1020,S2,1023
S,1021,S2,1024
E,1022,S2,1025
L,1023,S2,1026
Q,1024,S2,1027
T,1025,S2,1028
I,1026,S2,1029
V,1027,S2,1030
P,1028,S2,1031
E,1029,S2,1032
Y,1030,S2,1033
I,1031,S2,1034
D,1032,S2,1035
V,1033,S2,1036
N,1034,S2,1037
K,1035,S2,1038
T,1036,S2,1039
L,1037,S2,1040
Q,1038,S2,1041
E,1039,S2,1042
L,1040,S2,1043
S,1041,S2,1044
Y,1042,S2,1045
K,1043,S2,1046
L,1044,S2,1047
P,1045,S2,1048
N,1046,S2,1049
Y,1047,S2,1050
T,1048,S2,1051
V,1049,S2,1052
P,1050,S2,1053
D,1051,S2,1054
L,1052,S2,1055
V,1053,S2,1056
V,1054,S2,1057
E,1055,S2,1058
Q,1056,S2,1059
Y,1057,S2,1060
N,1058,S2,1061
Q,1059,S2,1062
T,1060,S2,1063
I,1061,S2,1064
L,1062,S2,1065
N,1063,S2,1066
L,1064,S2,1067
T,1065,S2,1068
S,1066,S2,1069
E,1067,S2,1070
I,1068,S2,1071
S,1069,S2,1072
T,1070,S2,1073
L,1071,S2,1074
E,1072,S2,1075
N,1073,S2,1076
K,1074,S2,1077
S,1075,S2,1078
A,1076,S2,1079
E,1077,S2,1080
L,1078,S2,1081
N,1079,S2,1082
Y,1080,S2,1083
T,1081,S2,1084
V,1082,S2,1085
Q,1083,S2,1086
K,1084,S2,1087
L,1085,S2,1088
Q,1086,S2,1089
T,1087,S2,1090
L,1088,S2,1091
I,1089,S2,1092
D,1090,S2,1093
N,1091,S2,1094
I,1092,S2,1095
N,1093,S2,1096
S,1094,S2,1097
T,1095,S2,1098
L,1096,S2,1099
V,1097,S2,1100
D,1098,S2,1101
L,1099,S2,1102
K,1100,S2,1103
W,1101,S2,1104
L,1102,S2,1105
N,1103,S2,1106
R,1104,S2,1107
V,1105,S2,1108
E,1106,S2,1109
T,1107,S2,1110
Y,1108,S2,1111
I,1109,S2,1112
K,1110,S2,1113
W,1111,S2,1114
P,1112,S2,1115
W,1113,S2,1116
W,1114,other,1117
V,1115,other,1118
W,1116,other,1119
L,1117,other,1120
C,1118,other,1121
I,1119,other,1122
S,1120,other,1123
V,1121,other,1124
V,1122,other,1125
L,1123,other,1126
I,1124,other,1127
F,1125,other,1128
V,1126,other,1129
V,1127,other,1130
S,1128,other,1131
M,1129,other,1132
L,1130,other,1133
L,1131,other,1134
L,1132,other,1135
C,1133,other,1136
C,1134,other,1137
C,1135,other,1138
S,1136,other,1139
T,1137,other,1140
G,1138,other,1141
C,1139,other,1142
C,1140,other,1143
G,1141,other,1144
F,1142,other,1145
F,1143,other,1146
S,1144,other,1147
C,1145,other,1148
F,1146,other,1149
A,1147,other,1150
S,1148,other,1151
S,1149,other,1152
I,1150,other,1153
R,1151,other,1154
*,1152,other,1155