A,R,N,D,C,E,Q,G,H,I,L,K,M,F,P,S,T,W,Y,V,*,entropy,n_effective,site
,,,,,,,,,,,,0.0,,,,,,,,,-0.0,1.0,1
,,,,,,,,,,,,,0.0,,,,,,,,-0.0,1.0,2
,,,,,,,,,,,,,,,,,,,0.0,,-0.0,1.0,3
,,,,,,,,,,0.0,,,,,,,,,,,-0.0,1.0,4
,,,,,,,,,,0.0,,,,,,,,,,,-0.0,1.0,5
,,,,,,,,,,,,,-0.019663057222694257,,,,,,-0.0034661870694625697,,0.023129244292156827,1.0233987994535438,6
0.0,,,,,,,,,,,,,,,,,,,,,-0.0,1.0,7
,,,,,,,,,,,,,,,,,,0.0,,,-0.0,1.0,8
0.0,,,,,,,,,,,,,,,,,,,,,-0.0,1.0,9
,,,,,,,,,,0.0,,,,,,,,,,,-0.0,1.0,10
,,,,,,,,,,-0.0034661870694625697,,,,,-0.019663057222694257,,,,,,0.023129244292156827,1.0233987994535438,11
,,,,,,,,0.0,,,,,,,,,,,,,-0.0,1.0,12
,,,,,,,,,0.0,,,,,,,,,,,,-0.0,1.0,13
0.0,,,,,,,,,,,,,,,,,,,,,-0.0,1.0,14
,,,-0.019663057222694257,,,,-0.0069202757791760015,,,,,,,,,,,,-0.019663057222694257,,0.04624639022456452,1.0473324316417705,15
,,,,-0.01036222382701104,,,,,,,,,,,-0.04754529366112329,,,,,,0.05790751748813433,1.059616995137362,16
,,,,,,0.0,,,,,,,,,,,,,,,-0.0,1.0,17
,,,,,,,,,,,,,,,,0.0,,,,,-0.0,1.0,18
,,,,,,,,,-0.19092777392591312,,,,,,,-0.0701911680674685,,,,,0.2611189419933816,1.2983820884035857,19
,,0.0,,,,,,,,,,,,,,,,,,,-0.0,1.0,20
,,,,,-0.019663057222694257,,-0.0034661870694625697,,,,,,,,,,,,,,0.023129244292156827,1.0233987994535438,21
,,,,,,,,,,-0.10830424696249145,,-0.2219178388248391,,,,-0.1168399685464573,,,,,0.4470620543337878,1.5637113313406599,22
,,0.0,,,,,,,,,,,,,,,,,,,-0.0,1.0,23
,,,,,,,,,,,,,,,,0.0,,,,,-0.0,1.0,24
,,-0.019776195142726757,,,,,,,-0.05971604824755191,,,,,,-0.017328799851734345,,,,,,0.096821043242013,1.101663205903567,25
,,-0.019663057222694257,,,,-0.05939814054188965,,-0.020614796506210873,,,,,,,,,,-0.019663057222694257,,,0.11933905149348906,1.1267518804401297,26
-0.03451259235816667,,,,,,,,,,,,,,,-0.0069202757791760015,,,,,,0.04143286813734268,1.0423031877483067,27
,,,,,,,,,,,,,,,,,,,0.0,,-0.0,1.0,28
,,,,0.0,,,,,,,,,,,,,,,,,-0.0,1.0,29
,,-0.0069202757791760015,,,,,,,,,-0.03451259235816667,,,,,,,,,,0.04143286813734268,1.0423031877483067,30
,,,,,,,0.0,,,,,,,,,,,,,,-0.0,1.0,31
,,,,0.0,,,,,,,,,,,,,,,,,-0.0,1.0,32
,,,,,,,,,,,,,,,,,,,0.0,,-0.0,1.0,33
,,,,,,,0.0,,,,,,,,,,,,,,-0.0,1.0,34
,,,,,,,,-0.01036222382701104,,,,,,,,,,-0.04754529366112329,,,0.05790751748813433,1.059616995137362,35
,,,,,,,,,,-0.019663057222694257,,,,,-0.0034661870694625697,,,,,,0.023129244292156827,1.0233987994535438,36
,,,,,-0.05070281594312237,,,,,,-0.15390157703300708,,,,,,,,,,0.20460439297612945,1.2270395434696897,37
,,-0.0034661870694625697,,,,,,,-0.019663057222694257,,,,,,,,,,,,0.023129244292156827,1.0233987994535438,38
-0.019663057222694257,,,,,,,,,,,,,,,,,,,-0.0034661870694625697,,0.023129244292156827,1.0233987994535438,39
,,,,,,,,,,,,,0.0,,,,,,,,-0.0,1.0,40
-0.2082695705554114,,,-0.339249814826089,,,,,,,,,,,,,-0.019663057222694257,,,-0.019663057222694257,,0.5868454998268888,1.7983066998270707,41
,,,,,,,,,,,,,,,,,,,0.0,,-0.0,1.0,42
,,,-0.03451259235816667,,-0.0069202757791760015,,,,,,,,,,,,,,,,0.04143286813734268,1.0423031877483067,43
,,,,,,,,,,,,,,,0.0,,,,,,-0.0,1.0,44
,,,,,,,0.0,,,,,,,,,,,,,,-0.0,1.0,45
,,,,,,,0.0,,,,,,,,,,,,,,-0.0,1.0,46
,,,,,,,,,,,,,,,,,,0.0,,,-0.0,1.0,47
,,,,,,,,,0.0,,,,,,,,,,,,-0.0,1.0,48
,,,,,,,,,,,,,,-0.0034661870694625697,,-0.019663057222694257,,,,,0.023129244292156827,1.0233987994535438,49
,,,,,,,,,,,,,,-0.019663057222694257,-0.0069202757791760015,-0.019663057222694257,,,,,0.04624639022456452,1.0473324316417705,50
,,-0.060504863566472965,-0.17328679513998632,,,,,,,,,,,,,,,,,,0.2337916587064593,1.2633812503027273,51
,,,,,,,,,,,,,-0.0034661870694625697,,,,,,-0.019663057222694257,,0.023129244292156827,1.0233987994535438,52
-0.16317488654874746,,,,,,,,,,,,,,,-0.3090599708362325,,,,,,0.47223485738497994,1.603573950689758,53
,,,,,,,,,,,,,0.0,,,,,,,,-0.0,1.0,54
,,0.0,,,,,,,,,,,,,,,,,,,-0.0,1.0,55
,,0.0,,,,,,,,,,,,,,,,,,,-0.0,1.0,56
,,,,,,,,,,,,,,,,,0.0,,,,-0.0,1.0,57
,,,,,,,,,,,,,0.0,,,,,,,,-0.0,1.0,58
,,,,,,,,,,0.0,,,,,,,,,,,-0.0,1.0,59
,,,,,,,,,,0.0,,,,,,,,,,,-0.0,1.0,60
,,,,,,,,,,,,,,,,0.0,,,,,-0.0,1.0,61
,,0.0,,,,,,,,,,,,,,,,,,,-0.0,1.0,62
,,,,,,,,,,,,,,,,0.0,,,,,-0.0,1.0,63
,,,,,,,,,,,,,,,0.0,,,,,,-0.0,1.0,64
,,,,,,,,,,,,,,,0.0,,,,,,-0.0,1.0,65
,,,,,,,,,,,,,,,,,,,0.0,,-0.0,1.0,66
,,,,,,,,,,,,,,,,,,,0.0,,-0.0,1.0,67
,,,0.0,,,,,,,,,,,,,,,,,,-0.0,1.0,68
,,,,,,,0.0,,,,,,,,,,,,,,-0.0,1.0,69
,,,,,,,,,,,,,,,,,,,0.0,,-0.0,1.0,70
,,,,,,,,,,,,,,,,,,,0.0,,-0.0,1.0,71
,0.0,,,,,,,,,,,,,,,,,,,,-0.0,1.0,72
,,,,,,,-0.019663057222694257,,,,,,,,-0.0034661870694625697,,,,,,0.023129244292156827,1.0233987994535438,73
,,,,,,,,,,,,,0.0,,,,,,,,-0.0,1.0,74
,,,,,,0.0,,,,,,,,,,,,,,,-0.0,1.0,75
,,,,,,,,,,,,,,0.0,,,,,,,-0.0,1.0,76
,,,,,,,,,,0.0,,,,,,,,,,,-0.0,1.0,77
,,,,,,,,,,0.0,,,,,,,,,,,-0.0,1.0,78
,,,,,,,,,-0.019663057222694257,-0.0034661870694625697,,,,,,,,,,,0.023129244292156827,1.0233987994535438,79
,,0.0,,,,,,,,,,,,,,,,,,,-0.0,1.0,80
,,,,0.0,,,,,,,,,,,,,,,,,-0.0,1.0,81
,,,,,,,,,,0.0,,,,,,,,,,,-0.0,1.0,82
,,,,,,,,,,,,,,,,,0.0,,,,-0.0,1.0,83
,,,,,,,,,,,,,,,0.0,,,,,,-0.0,1.0,84
,,,,,,,,,,,,,,,,,,,0.0,,-0.0,1.0,85
-0.019663057222694257,,,,,,,,,,,,,,,-0.020614796506210873,,,-0.07037365568926815,,,0.11065150941817328,1.1170055730967525,86
,,,,,,,-0.0034661870694625697,,,,,,,,,,,,-0.019663057222694257,,0.023129244292156827,1.0233987994535438,87
,,,,,,,,,,-0.03451259235816667,,,,,-0.0069202757791760015,,,,,,0.04143286813734268,1.0423031877483067,88
,-0.33763256498343175,,,,-0.07037365568926815,-0.21576155433883568,,-0.019663057222694257,,,,,,,,,,,,,0.6434308322342298,1.9029985611807176,89
,,,,,,,,,,-0.19092777392591312,,,-0.24426201112330842,,,,,,-0.33246188363159035,,0.7676516686808119,2.1547003575784447,90
,,,,,,,,,-0.34789088835448434,,,,,,,-0.2206759567167229,,,-0.019663057222694257,,0.5882299022939015,1.8007980041447817,91
,,,,,,,,,,,,,,,,0.0,,,,,-0.0,1.0,92
,,,,,,,0.0,,,,,,,,,,,,,,-0.0,1.0,93
,,,,,,,,,,,,,0.0,,,,,,,,-0.0,1.0,94
,,,,,,,,,,,,,,,,,,,0.0,,-0.0,1.0,95
,,,,,,,,,,,,,,,,,,0.0,,,-0.0,1.0,96
,,,,,,,,,,,,,0.0,,,,,,,,-0.0,1.0,97
,,0.0,,,,,,,,,,,,,,,,,,,-0.0,1.0,98
,,,,,,,0.0,,,,,,,,,,,,,,-0.0,1.0,99
,,-0.04754529366112329,,,,,,,,,,,,,,-0.01036222382701104,,,,,0.05790751748813433,1.059616995137362,100
,,,,,,,0.0,,,,,,,,,,,,,,-0.0,1.0,101
,-0.05070281594312237,,,,,,,,,,-0.019663057222694257,,,,-0.04754529366112329,-0.12470735166914351,,,,,0.24261851849608343,1.2745823017895186,102
,,,,,,,0.0,,,,,,,,,,,,,,-0.0,1.0,103
-0.22552545679983987,,,-0.34789088835448434,,,,,,,,,,,,,,,-0.03451259235816667,-0.019663057222694257,,0.627591994735185,1.8730947223898622,104
,,,,0.0,,,,,,,,,,,,,,,,,-0.0,1.0,105
,,,,,,,,,,,0.0,,,,,,,,,,-0.0,1.0,106
,,,,,,,0.0,,,,,,,,,,,,,,-0.0,1.0,107
,,,,,,,,,,,,,0.0,,,,,,,,-0.0,1.0,108
,,,,,,,,,,,,,,,-0.08065002106058106,,,-0.020614796506210873,,,0.10126481756679193,1.1065696420459927,109
,,,,,,,,,,,,,,,0.0,,,,,,-0.0,1.0,110
,,-0.0034661870694625697,-0.019663057222694257,,,,,,,,,,,,,,,,,,0.023129244292156827,1.0233987994535438,111
-0.034112305110402294,,,,,,,,,,,,,,,-0.03451259235816667,,,,-0.09954219273489194,,0.1681670902034609,1.1831342842809691,112
,,,,,,,,,,-0.019663057222694257,,,,,-0.0034661870694625697,,,,,,0.023129244292156827,1.0233987994535438,113
,,,,,,,,,,,,,,,0.0,,,,,,-0.0,1.0,114
-0.019663057222694257,,,-0.0034661870694625697,,,,,,,,,,,,,,,,,,0.023129244292156827,1.0233987994535438,115
,,,,,,,,,,,,,,,,,,,0.0,,-0.0,1.0,116
,,,,,,,,,0.0,,,,,,,,,,,,-0.0,1.0,117
,0.0,,,,,,,,,,,,,,,,,,,,-0.0,1.0,118
,,,,,,,,,,,,,,,,,,0.0,,,-0.0,1.0,119
,,0.0,,,,,,,,,,,,,,,,,,,-0.0,1.0,120
,,,,,,,,,-0.0034661870694625697,-0.019663057222694257,,,,,,,,,,,0.023129244292156827,1.0233987994535438,121
,,0.0,,,,,,,,,,,,,,,,,,,-0.0,1.0,122
,,,,,,,,,,,,,0.0,,,,,,,,-0.0,1.0,123
,,,,,0.0,,,,,,,,,,,,,,,,-0.0,1.0,124
,-0.019663057222694257,,,,-0.0034661870694625697,,,,,,,,,,,,,,,,0.023129244292156827,1.0233987994535438,125
,,0.0,,,,,,,,,,,,,,,,,,,-0.0,1.0,126
,,,,,,,,,,0.0,,,,,,,,,,,-0.0,1.0,127
,0.0,,,,,,,,,,,,,,,,,,,,-0.0,1.0,128
,-0.0034661870694625697,,,,,,,-0.019663057222694257,,,,,,,,,,,,,0.023129244292156827,1.0233987994535438,129
,,,,,,,0.0,,,,,,,,,,,,,,-0.0,1.0,130
,,,,,,,,,,,,,,,,0.0,,,,,-0.0,1.0,131
,,,,,,,,,0.0,,,,,,,,,,,,-0.0,1.0,132
,,,,,,,,,,0.0,,,,,,,,,,,-0.0,1.0,133
,,,,,,,,,,,,,0.0,,,,,,,,-0.0,1.0,134
,,,,,,,,,,,0.0,,,,,,,,,,-0.0,1.0,135
,,,,,,,,,,,,,,,,0.0,,,,,-0.0,1.0,136
,,,,,,,,,,,,,,,0.0,,,,,,-0.0,1.0,137
,,,,,,,,,,,,,,,,,,0.0,,,-0.0,1.0,138
,,,,,,,0.0,,,,,,,,,,,,,,-0.0,1.0,139
-0.037455568693625874,,,,,,,,,,,,,,,,,,,-0.12470735166914351,,0.16216292036276939,1.1760518285043846,140
,,,,,,,,,,,,,,,,,,,0.0,,-0.0,1.0,141
,,,,,,,,,,-0.019663057222694257,,,,,,,,,-0.0034661870694625697,,0.023129244292156827,1.0233987994535438,142
,,,,,,,,,,,,,0.0,,,,,,,,-0.0,1.0,143
,,,,,,,,,,,,,,,,,,0.0,,,-0.0,1.0,144
,,,,0.0,,,,,,,,,,,,,,,,,-0.0,1.0,145
,,,,,,,,,,,,,,,,0.0,,,,,-0.0,1.0,146
,,0.0,,,,,,,,,,,,,,,,,,,-0.0,1.0,147
,,0.0,,,,,,,,,,,,,,,,,,,-0.0,1.0,148
,,,,,,,,,,,,,,,,0.0,,,,,-0.0,1.0,149
,,,,,,,,,,0.0,,,,,,,,,,,-0.0,1.0,150
,,,,,,,,,,,,,,,,,,,0.0,,-0.0,1.0,151
,,,,,,,,,,-0.019663057222694257,,,,,-0.0034661870694625697,,,,,,0.023129244292156827,1.0233987994535438,152
,,,,,,,0.0,,,,,,,,,,,,,,-0.0,1.0,153
,,,0.0,,,,,,,,,,,,,,,,,,-0.0,1.0,154
-0.020614796506210873,,,-0.019663057222694257,,,,,,,,,,,,,,,,-0.07037365568926815,,0.11065150941817328,1.1170055730967525,155
,,,,,,,,0.0,,,,,,,,,,,,,-0.0,1.0,156
,,,,,,,,,-0.0034661870694625697,,,,,,,,,,-0.019663057222694257,,0.023129244292156827,1.0233987994535438,157
,,,,,,,,,,,,,,0.0,,,,,,,-0.0,1.0,158
,,,,,,,,,,,,,-0.12470735166914351,-0.019663057222694257,-0.04078629715134606,,,,,,0.18515670604318382,1.203407006502893,159
,,,,,,,0.0,,,,,,,,,,,,,,-0.0,1.0,160
,-0.019663057222694257,,,,,,,,,,,,,,,-0.0034661870694625697,,,,,0.023129244292156827,1.0233987994535438,161
,,,,,,,,,,,,,,,,,,,0.0,,-0.0,1.0,162
,,,,,,,,,,-0.0069202757791760015,,,,,-0.03451259235816667,,,,,,0.04143286813734268,1.0423031877483067,163
,,,,,,,0.0,,,,,,,,,,,,,,-0.0,1.0,164
,,0.0,,,,,,,,,,,,,,,,,,,-0.0,1.0,165
,,,,,,,,,,,,,0.0,,,,,,,,-0.0,1.0,166
,,,,,,,,,,,,,,,,,,0.0,,,-0.0,1.0,167
,,,,0.0,,,,,,,,,,,,,,,,,-0.0,1.0,168
,,,,,,,,,,,,,0.0,,,,,,,,-0.0,1.0,169
-0.019663057222694257,,,,,,,,,,,,,,,,,,,-0.0034661870694625697,,0.023129244292156827,1.0233987994535438,170
,,0.0,,,,,,,,,,,,,,,,,,,-0.0,1.0,171
,,,,,,,,,,,,,,,,0.0,,,,,-0.0,1.0,172
,,,,,,,,,,,,,,,-0.019663057222694257,-0.0034661870694625697,,,,,0.023129244292156827,1.0233987994535438,173
,,,,,,,,,0.0,,,,,,,,,,,,-0.0,1.0,174
,,,-0.20184626415540385,,,,-0.07658376163082221,,,,,,,,,,,,,,0.27843002578622605,1.321054162435345,175
,,0.0,,,,,,,,,,,,,,,,,,,-0.0,1.0,176
,,,,,0.0,,,,,,,,,,,,,,,,-0.0,1.0,177
,,,,,,,,,,,,,,,,0.0,,,,,-0.0,1.0,178
,,,,,,,,,,,,,,,,0.0,,,,,-0.0,1.0,179
,,,,,,,,,,,,,-0.019663057222694257,,-0.0034661870694625697,,,,,,0.023129244292156827,1.0233987994535438,180
-0.07658376163082221,,,-0.019663057222694257,,,,,,,,,,,,-0.07037365568926815,-0.1670336851158174,,,,,0.333654159658602,1.396060246124477,181
,,,,,,,,,,,,,0.0,,,,,,,,-0.0,1.0,182
,,,,,,,,,,,,,,,,,,,0.0,,-0.0,1.0,183
,,,,,,,0.0,,,,,,,,,,,,,,-0.0,1.0,184
0.0,,,,,,,,,,,,,,,,,,,,,-0.0,1.0,185
,,,,,,,,,,0.0,,,,,,,,,,,-0.0,1.0,186
,,,,,,,,,,,,,,0.0,,,,,,,-0.0,1.0,187
,,,,,,,,,,,0.0,,,,,,,,,,-0.0,1.0,188
,,,,,,,,,,,,,,,,0.0,,,,,-0.0,1.0,189
-0.019663057222694257,,,,,,,,,,,,,,,,,,,-0.0034661870694625697,,0.023129244292156827,1.0233987994535438,190
,0.0,,,,,,,,,,,,,,,,,,,,-0.0,1.0,191
,,,,,0.0,,,,,,,,,,,,,,,,-0.0,1.0,192
,,,,,,,,,,,,,0.0,,,,,,,,-0.0,1.0,193
,,,,,,,,,,,,,,,,,,,0.0,,-0.0,1.0,194
,,,,,,,,,0.0,,,,,,,,,,,,-0.0,1.0,195
-0.05939814054188965,,,,,,,,,,,,,,,-0.013791988613979565,,,,,,0.07319012915586921,1.0759350840982052,196
,0.0,,,,,,,,,,,,,,,,,,,,-0.0,1.0,197
,,,,,,,,,,,,,,,,0.0,,,,,-0.0,1.0,198
,,,,,,,0.0,,,,,,,,,,,,,,-0.0,1.0,199
,,,,,,,,0.0,,,,,,,,,,,,,-0.0,1.0,200
,,,,,,,,,,,,,0.0,,,,,,,,-0.0,1.0,201
,,,,,,,,,,,,,,,,,,0.0,,,-0.0,1.0,202
,,,,,,,,,0.0,,,,,,,,,,,,-0.0,1.0,203
,,0.0,,,,,,,,,,,,,,,,,,,-0.0,1.0,204
,,,,,,,0.0,,,,,,,,,,,,,,-0.0,1.0,205
,,,,,,,,,,,,,,,,,,0.0,,,-0.0,1.0,206
,0.0,,,,,,,,,,,,,,,,,,,,-0.0,1.0,207
,,,,,,,,,,,,,,,,,,0.0,,,-0.0,1.0,208
,,,,,,,,,,,,,0.0,,,,,,,,-0.0,1.0,209
,,,,,,,,,,,,,,,-0.05725031131403613,-0.1670336851158174,,,,,0.22428399642985353,1.2514263695880732,210
,,,,,,,,,,0.0,,,,,,,,,,,-0.0,1.0,211
,,,,,,,0.0,,,,,,,,,,,,,,-0.0,1.0,212
,,-0.29375226827858475,-0.3678109698793973,,,,,,,,,,,,,,,,,,0.6615632381579821,1.9378192408783848,213
,,,,,,,,,,,,,,,,,,,0.0,,-0.0,1.0,214
,,,,,0.0,,,,,,,,,,,,,,,,-0.0,1.0,215
0.0,,,,,,,,,,,,,,,,,,,,,-0.0,1.0,216
,,,,,,,,,,,,,,,,,,,0.0,,-0.0,1.0,217
,,0.0,,,,,,,,,,,,,,,,,,,-0.0,1.0,218
,,,,,,,,,,-0.019663057222694257,,,-0.0034661870694625697,,,,,,,,0.023129244292156827,1.0233987994535438,219
,,0.0,,,,,,,,,,,,,,,,,,,-0.0,1.0,220
,,,,,,,,,,,,,,,,,,,0.0,,-0.0,1.0,221
,,,,,,,,,,,,,,,,0.0,,,,,-0.0,1.0,222
,,-0.0034661870694625697,,,,,,,,,,,,,,-0.019663057222694257,,,,,0.023129244292156827,1.0233987994535438,223
-0.017209527241098834,,,,,,,-0.019663057222694257,,,,,,,,,,,,-0.05939814054188965,,0.09627072500568273,1.101057107339907,224
-0.06374655570720393,,,,,-0.17934690457784933,,,,,,,,,,,,,,,,0.24309346028505324,1.2751877979644561,225
,,,,,,,,,,,,,,,,0.0,,,,,-0.0,1.0,226
,,,,,,,,,-0.2986265782046758,,,,,,,-0.15193463066162882,,,,,0.45056120886630463,1.5691925832141966,227
,,,0.0,,,,,,,,,,,,,,,,,,-0.0,1.0,228
,,,,,,,,,,,,,-0.03451259235816667,,,,,,-0.0069202757791760015,,0.04143286813734268,1.0423031877483067,229
,,,,0.0,,,,,,,,,,,,,,,,,-0.0,1.0,230
,,,,,,,,,,,,,,,,0.0,,,,,-0.0,1.0,231
,,,,,,,,,,,,,,,,,,,0.0,,-0.0,1.0,232
0.0,,,,,,,,,,,,,,,,,,,,,-0.0,1.0,233
,,,,,,,,,,0.0,,,,,,,,,,,-0.0,1.0,234
0.0,,,,,,,,,,,,,,,,,,,,,-0.0,1.0,235
,,,,,,,,,,,,,,,0.0,,,,,,-0.0,1.0,236
,,,,,,,,,,,,,,,,,,0.0,,,-0.0,1.0,237
0.0,,,,,,,,,,,,,,,,,,,,,-0.0,1.0,238
,,,0.0,,,,,,,,,,,,,,,,,,-0.0,1.0,239
,,,,,,,,,,,,,,,,,,,0.0,,-0.0,1.0,240
,,,,,,,,,,0.0,,,,,,,,,,,-0.0,1.0,241
,,,,,,,,,,,,,,,,,,,0.0,,-0.0,1.0,242
,,0.0,,,,,,,,,,,,,,,,,,,-0.0,1.0,243
,,,,,,,,,,,,,,,,,,,0.0,,-0.0,1.0,244
,,,,,,,,,,,,,,,0.0,,,,,,-0.0,1.0,245
,,,,,,0.0,,,,,,,,,,,,,,,-0.0,1.0,246
,,,,,,,,,,,,,,,,0.0,,,,,-0.0,1.0,247
-0.020614796506210873,,,,,,,,,,,,,,,-0.019663057222694257,,,,-0.07037365568926815,,0.11065150941817328,1.1170055730967525,248
,,,,,,,,,0.0,,,,,,,,,,,,-0.0,1.0,249
0.0,,,,,,,,,,,,,,,,,,,,,-0.0,1.0,250
,,0.0,,,,,,,,,,,,,,,,,,,-0.0,1.0,251
,,,,,,,,,0.0,,,,,,,,,,,,-0.0,1.0,252
,,,,,,,,,0.0,,,,,,,,,,,,-0.0,1.0,253
,,,,,,,,,,,,,,,,,,0.0,,,-0.0,1.0,254
,,,,0.0,,,,,,,,,,,,,,,,,-0.0,1.0,255
,,0.0,,,,,,,,,,,,,,,,,,,-0.0,1.0,256
,,,,,,,,,,,,,,,0.0,,,,,,-0.0,1.0,257
,,,,,,,,,,,,,,,,,,,0.0,,-0.0,1.0,258
,,,,,,,,,0.0,,,,,,,,,,,,-0.0,1.0,259
,,0.0,,,,,,,,,,,,,,,,,,,-0.0,1.0,260
,-0.0034661870694625697,,,,,,,,,,-0.019663057222694257,,,,,,,,,,0.023129244292156827,1.0233987994535438,261
,,,,,,,,,,0.0,,,,,,,,,,,-0.0,1.0,262
,0.0,,,,,,,,,,,,,,,,,,,,-0.0,1.0,263
,,,,0.0,,,,,,,,,,,,,,,,,-0.0,1.0,264
,,,0.0,,,,,,,,,,,,,,,,,,-0.0,1.0,265
,,,,,,0.0,,,,,,,,,,,,,,,-0.0,1.0,266
,,,,,,,,,,0.0,,,,,,,,,,,-0.0,1.0,267
,,,,,,,,,,,,,,,0.0,,,,,,-0.0,1.0,268
,,,,,,,,,,,,,0.0,,,,,,,,-0.0,1.0,269
,,,0.0,,,,,,,,,,,,,,,,,,-0.0,1.0,270
,,,,,,,,,,,,,,,,,,,0.0,,-0.0,1.0,271
,,,,,,,,,,,,,,0.0,,,,,,,-0.0,1.0,272
,,,0.0,,,,,,,,,,,,,,,,,,-0.0,1.0,273
,,,,,,,-0.0034661870694625697,,,,,,,,,,,,-0.019663057222694257,,0.023129244292156827,1.0233987994535438,274
,,,,,,,,,,,,,0.0,,,,,,,,-0.0,1.0,275
,,,,,,,,,,,,,,,,,,0.0,,,-0.0,1.0,276
,,,,,,,,,,,,,-0.019663057222694257,,-0.0034661870694625697,,,,,,0.023129244292156827,1.0233987994535438,277
,,,,,,,,,,,,,,,,0.0,,,,,-0.0,1.0,278
,,,,,,,,,,,,,,,0.0,,,,,,-0.0,1.0,279
,,,,,,,,,,-0.019663057222694257,,,,-0.0034661870694625697,,,,,,,0.023129244292156827,1.0233987994535438,280
,,,,,,,,,-0.017209527241098834,,,,,,,-0.05939814054188965,,,-0.019663057222694257,,0.09627072500568273,1.101057107339907,281
,,,,,,0.0,,,,,,,,,,,,,,,-0.0,1.0,282
,,,,,,,,,,,,,,-0.2182268304922947,-0.34789088835448434,,,,,,0.566117718846779,1.7614154501131005,283
-0.019663057222694257,,,,,,,,,,,,,,,,,,,-0.0034661870694625697,,0.023129244292156827,1.0233987994535438,284
,,,-0.019663057222694257,,-0.0034661870694625697,,,,,,,,,,,,,,,,0.023129244292156827,1.0233987994535438,285
,,,,,,,,,,0.0,,,,,,,,,,,-0.0,1.0,286
,,,,,,,,,,,,,,0.0,,,,,,,-0.0,1.0,287
-0.04754529366112329,,,,,-0.3138705812946884,,,,,-0.019663057222694257,,-0.30133982263625225,,,,,,,-0.2919023758524019,,0.9743211306671602,2.6493680256418144,288
,,,,,,,,,,,,,,,0.0,,,,,,-0.0,1.0,289
,,,,,,,,,0.0,,,,,,,,,,,,-0.0,1.0,290
,,,,,,,,,,,,,,,,,,,0.0,,-0.0,1.0,291
,,,,,,,,,,,,,,,0.0,,,,,,-0.0,1.0,292
,,,,,,,,,,0.0,,,,,,,,,,,-0.0,1.0,293
,,,,,,,,,,,,,,0.0,,,,,,,-0.0,1.0,294
,,,,,,,,,,,,,,,,,,,0.0,,-0.0,1.0,295
,,,,,,,,,,,,,,,,,,0.0,,,-0.0,1.0,296
,,,,,,,,0.0,,,,,,,,,,,,,-0.0,1.0,297
,,,,,,,,,,,0.0,,,,,,,,,,-0.0,1.0,298
,,,,,,,,0.0,,,,,,,,,,,,,-0.0,1.0,299
,,,,,,,,,,,,,,,-0.019663057222694257,-0.0034661870694625697,,,,,0.023129244292156827,1.0233987994535438,300
,,,,,,,,,,,,,-0.0069202757791760015,,-0.03451259235816667,,,,,,0.04143286813734268,1.0423031877483067,301
,,,,,,,,,0.0,,,,,,,,,,,,-0.0,1.0,302
,,,,,,,,,,,,,,,,,,,0.0,,-0.0,1.0,303
,,,,,,,,,,0.0,,,,,,,,,,,-0.0,1.0,304
,,,,,,,,-0.3655852464204624,,,,,,,,,,-0.3111720393214108,,,0.6767572857418732,1.96748737741134,305
,,,,,,,,,,,,,,,,,,,0.0,,-0.0,1.0,306
,,-0.31441462542740073,-0.11667970094242709,,,,,,,,-0.36761393256176483,,,,,,,,,,0.7987082589315926,2.222667961839704,307
,,,,,,,,,,,,,0.0,,,,,,,,-0.0,1.0,308
,,,-0.07037365568926815,,-0.07976042890716065,,,,,,-0.17934690457784933,,,,,,,,,,0.32948098917427815,1.3902463882585647,309
,,,,,,,,-0.29375226827858475,,-0.36747165379431707,,,,-0.0903449733248765,,,,,,,0.7515688953977783,2.120323974985523,310
,-0.3662040962227032,,,,,-0.35431097513328325,-0.316178823679483,,,,,,,,,,-0.019663057222694257,,,,1.0563569522581637,2.8758749323800346,311
,-0.08292394379514482,,,,,,,,,,,,,-0.019663057222694257,-0.20707555414900003,,,,,,0.3096625551668391,1.362965110989219,312
,,,,,,,-0.0034661870694625697,,,,,,,,-0.019663057222694257,,,,,,0.023129244292156827,1.0233987994535438,313
,-0.03451259235816667,,,,,,-0.08065002106058106,-0.05939814054188965,,,,,,-0.08292394379514482,,,,,-0.13984077984294208,,0.3973254775987243,1.4878401098784375,314
,,,,,,,0.0,,,,,,,,,,,,,,-0.0,1.0,315
,-0.3662040962227032,,,,,,,,,,-0.2723653713509006,,,,,-0.019663057222694257,,,,,0.658232524796298,1.9313756572621912,316
,,,,0.0,,,,,,,,,,,,,,,,,-0.0,1.0,317
,,,,,,,,,,,,,-0.08065002106058106,,,,,-0.020614796506210873,,,0.10126481756679193,1.1065696420459927,318
,,0.0,,,,,,,,,,,,,,,,,,,-0.0,1.0,319
,,,,0.0,,,,,,,,,,,,,,,,,-0.0,1.0,320
,-0.0034661870694625697,,,,,,,,,,,,,,,,,-0.019663057222694257,,,0.023129244292156827,1.0233987994535438,321
,,,,,,,,,,,,,,0.0,,,,,,,-0.0,1.0,322
-0.17417972626720676,,,-0.019663057222694257,,,,,,,,,,,,-0.316178823679483,,,,,,0.510021607169384,1.6653271775635492,323
,,,,,,,-0.019663057222694257,,,,,,,,,,,,-0.0034661870694625697,,0.023129244292156827,1.0233987994535438,324
,,,,,,,,,-0.2532243844360481,,,,,,,,,,-0.3622738978398648,,0.615498282275913,1.8505784803177598,325
,,0.0,,,,,,,,,,,,,,,,,,,-0.0,1.0,326
,,,,,,,,,0.0,,,,,,,,,,,,-0.0,1.0,327
,,,,,,,,,,,,,,,,0.0,,,,,-0.0,1.0,328
,,,,,,,,,,0.0,,,,,,,,,,,-0.0,1.0,329
-0.0034661870694625697,,,,,,,,,,,,,,,,,,,-0.019663057222694257,,0.023129244292156827,1.0233987994535438,330
,,0.0,,,,,,,,,,,,,,,,,,,-0.0,1.0,331
,,,,,,,,,,,,,0.0,,,,,,,,-0.0,1.0,332
,,0.0,,,,,,,,,,,,,,,,,,,-0.0,1.0,333
,,,,,0.0,,,,,,,,,,,,,,,,-0.0,1.0,334
,,,,,,,,,,,,,,,,0.0,,,,,-0.0,1.0,335
,,,,,,,,,,,0.0,,,,,,,,,,-0.0,1.0,336
,,,,,,,0.0,,,,,,,,,,,,,,-0.0,1.0,337
,,,,,,,,,,,,,,0.0,,,,,,,-0.0,1.0,338
,,,,,,,,,,0.0,,,,,,,,,,,-0.0,1.0,339
,,,,0.0,,,,,,,,,,,,,,,,,-0.0,1.0,340
,,,,,,,,,,,,,,,,,,,0.0,,-0.0,1.0,341
,,,-0.024007752900757823,,-0.0903449733248765,,,,,,,,,,,,,,,,0.11435272622563432,1.1211475132788637,342
,,,,,,,,,,,,,,,,0.0,,,,,-0.0,1.0,343
,,,,,,,,,,,,,,,0.0,,,,,,-0.0,1.0,344
,,,,,,,,0.0,,,,,,,,,,,,,-0.0,1.0,345
,,,,,,,,,,,,,0.0,,,,,,,,-0.0,1.0,346
,,,,,,,,,,,,,,,,0.0,,,,,-0.0,1.0,347
,,,,,,,,,,,,,,,,0.0,,,,,-0.0,1.0,348
,-0.18522418101263577,,,,,-0.10469603169456311,,,,-0.019663057222694257,-0.12470735166914351,,,,,,,,,,0.43429062159903664,1.543867484161521,349
,,,,,,,,,,,,,-0.030756551492249665,,,,,-0.10830424696249145,,,0.13906079845474112,1.1491939670970752,350
,,,,,,,,,,,,,,,,,,,0.0,,-0.0,1.0,351
-0.03451259235816667,,,,,,,,,,,,,-0.019663057222694257,,,,,,-0.01036222382701104,,0.06453787340787197,1.0666659757552113,352
-0.07037365568926815,,,-0.27642133645632416,,,,-0.3616095675308281,,,,,,,,-0.07037365568926815,,,,-0.03451259235816667,,0.8132908077238552,2.255317604768949,353
,,-0.013666341523883678,-0.024699518636647197,,,,,,,,,,,,,,,-0.04303988882779031,,,0.08140574898832117,1.0848109682342866,354
-0.18522418101263577,,,,,,,,,,,,,,,,,,,-0.06697533992890248,,0.25219952094153825,1.2868527657480797,355
,,-0.12470735166914351,,,,,,,,,-0.037455568693625874,,,,,,,,,,0.16216292036276939,1.1760518285043846,356
,,,,,,,,,,-0.2206759567167229,,,-0.339249814826089,,,,,,-0.0903449733248765,,0.6502707448676883,1.9160595220757728,357
-0.3191231806556781,,,-0.3622738978398648,,,,-0.13241890959783106,,,,,,,-0.20184626415540385,,,,,,,1.0156622522487777,2.7611913972230835,358
,0.0,,,,,,,,,,,,,,,,,,,,-0.0,1.0,359
,,,,,,,,,,,,,,,,,0.0,,,,-0.0,1.0,360
,,,,,,,,,,,,,,,0.0,,,,,,-0.0,1.0,361
0.0,,,,,,,,,,,,,,,,,,,,,-0.0,1.0,362
,,,,,,,,,,,,,,,0.0,,,,,,-0.0,1.0,363
,,,,,,,,,0.0,,,,,,,,,,,,-0.0,1.0,364
,,-0.19546677755181582,-0.3342394215058387,,,,,,,,,,,,,,,,,,0.5297061990576545,1.6984332340231805,365
,,,,,,,,,,,,,,,-0.019663057222694257,-0.0034661870694625697,,,,,0.023129244292156827,1.0233987994535438,366
,,,,,,,0.0,,,,,,,,,,,,,,-0.0,1.0,367
,,0.0,,,,,,,,,,,,,,,,,,,-0.0,1.0,368
,,,,0.0,,,,,,,,,,,,,,,,,-0.0,1.0,369
,,,,,,,,,,,,,,0.0,,,,,,,-0.0,1.0,370
,,,,,,,,,,,,,0.0,,,,,,,,-0.0,1.0,371
,,,,,,,,,,,,,,,0.0,,,,,,-0.0,1.0,372
,,,,,,,,,,,,,0.0,,,,,,,,-0.0,1.0,373
,,,,,,,0.0,,,,,,,,,,,,,,-0.0,1.0,374
,,,,,,,,,,,-0.0034661870694625697,,,,,-0.019663057222694257,,,,,0.023129244292156827,1.0233987994535438,375
,,,,,,,,,,,,,,,,,,,0.0,,-0.0,1.0,376
,,-0.23267667252696944,,,,,,,-0.35481769995085083,,,,,,,,,,,,0.5874943724778203,1.7994739505201465,377
,,0.0,,,,,,,,,,,,,,,,,,,-0.0,1.0,378
,,,,,,,,,,,,,0.0,,,,,,,,-0.0,1.0,379
,,,,,,,,,,,,,,,,,,,0.0,,-0.0,1.0,380
,,,,,,,,,,,0.0,,,,,,,,,,-0.0,1.0,381
,,,,,,,,,,,,,0.0,,,,,,,,-0.0,1.0,382
,,,,,,,0.0,,,,,,,,,,,,,,-0.0,1.0,383
,,,,,,,,,,,,,,,0.0,,,,,,-0.0,1.0,384
,,,,,,,,,,-0.019663057222694257,,,,,,,,,-0.0034661870694625697,,0.023129244292156827,1.0233987994535438,385
,,,,0.0,,,,,,,,,,,,,,,,,-0.0,1.0,386
,,,,,,,,,,,,,0.0,,,,,,,,-0.0,1.0,387
,,,,,,,,,,,,,,,0.0,,,,,,-0.0,1.0,388
,,,,,,,,,,0.0,,,,,,,,,,,-0.0,1.0,389
,,,,,,,,,,,0.0,,,,,,,,,,-0.0,1.0,390
-0.20184626415540385,,,-0.2862380171700024,,,,,,,,,,,,,,,-0.3567688102866114,,,0.8448530916120176,2.3276358402223023,391
,,,,,,,,,0.0,,,,,,,,,,,,-0.0,1.0,392
,,,,,,,,,,,,,,0.0,,,,,,,-0.0,1.0,393
,,,,,,,0.0,,,,,,,,,,,,,,-0.0,1.0,394
,,,,,,,0.0,,,,,,,,,,,,,,-0.0,1.0,395
,,,,0.0,,,,,,,,,,,,,,,,,-0.0,1.0,396
-0.0034661870694625697,,,,,-0.019663057222694257,,,,,,,,,,,,,,,,0.023129244292156827,1.0233987994535438,397
,,,,,,,,,,,,0.0,,,,,,,,,-0.0,1.0,398
,,,,,,,,,,,,,,0.0,,,,,,,-0.0,1.0,399
,,,,,,,,,0.0,,,,,,,,,,,,-0.0,1.0,400
,,,,,,,,,,,,-0.034112305110402294,,,,,,,-0.11667970094242709,,0.15079200605282939,1.162754786971095,401
0.0,,,,,,,,,,,,,,,,,,,,,-0.0,1.0,402
,,0.0,,,,,,,,,,,,,,,,,,,-0.0,1.0,403
,,,,,,,,,,-0.0034661870694625697,,,,,,,-0.019663057222694257,,,,0.023129244292156827,1.0233987994535438,404
-0.2561334536549605,,,,,,,,,,,,,,,,,,,-0.1138245167580962,,0.36995797041305667,1.4476737682541505,405
,,-0.07976042890716065,,,,,-0.1469952920392001,,,,,,,,,,,-0.11667970094242709,,,0.34343542188878784,1.409782478453498,406
,,,,,,,,-0.3160049774621696,-0.07037365568926815,-0.23560032275768653,,,,,-0.03451259235816667,,,-0.3593752403770178,,,1.0158667886443087,2.761756219120191,407
,,-0.2561334536549605,,,,,,,,,-0.1138245167580962,,,,,,,,,,0.36995797041305667,1.4476737682541505,408
,,,,,,,,,,,,,,,-0.0034661870694625697,,,-0.019663057222694257,,,0.023129244292156827,1.0233987994535438,409
,,,,,,,,-0.034112305110402294,,,,,,,,,,-0.11667970094242709,,,0.15079200605282939,1.162754786971095,410
,,-0.05398294640439593,,,,,,,,,,,,,,-0.16057620877200912,,,,,0.21455915517640506,1.239315430729068,411
,,,,,,,,,-0.0034661870694625697,,,-0.019663057222694257,,,,,,,,,0.023129244292156827,1.0233987994535438,412
,,,,,,,0.0,,,,,,,,,,,,,,-0.0,1.0,413
,,,,,,,,,,,,,,,0.0,,,,,,-0.0,1.0,414
,,,,,,,,,,-0.0034661870694625697,,-0.019663057222694257,,,,,,,,,0.023129244292156827,1.0233987994535438,415
,,,,,,,,,,,,,,,,,,0.0,,,-0.0,1.0,416
,,,,,,,,,,,,,,,,,,,0.0,,-0.0,1.0,417
,,,,,,,,,,,,,,,0.0,,,,,,-0.0,1.0,418
,,,,,,,,,,,,,,,,,0.0,,,,-0.0,1.0,419
,,,,,,,,,,,,,,,0.0,,,,,,-0.0,1.0,420
,,,0.0,,,,,,,,,,,,,,,,,,-0.0,1.0,421
,,,,,,,0.0,,,,,,,,,,,,,,-0.0,1.0,422
,,,0.0,,,,,,,,,,,,,,,,,,-0.0,1.0,423
,,,,,,,-0.08065002106058106,,,,,,,,,,,,-0.020614796506210873,,0.10126481756679193,1.1065696420459927,424
,,,,,,,,,0.0,,,,,,,,,,,,-0.0,1.0,425
,,,,,,,,,,,,,,,,0.0,,,,,-0.0,1.0,426
,,,,,,,0.0,,,,,,,,,,,,,,-0.0,1.0,427
,,,-0.019663057222694257,,,,,,,,,,,,,,,,-0.0034661870694625697,,0.023129244292156827,1.0233987994535438,428
,,,,,,,,,,,,,,0.0,,,,,,,-0.0,1.0,429
,,,,,,-0.03451259235816667,,,,,-0.0069202757791760015,,,,,,,,,,0.04143286813734268,1.0423031877483067,430
,,,,,,,,,,,,,,0.0,,,,,,,-0.0,1.0,431
,,,-0.019663057222694257,,,,,,,,,,,,,,,,-0.0034661870694625697,,0.023129244292156827,1.0233987994535438,432
,,,,,0.0,,,,,,,,,,,,,,,,-0.0,1.0,433
,,,,,,,0.0,,,,,,,,,,,,,,-0.0,1.0,434
,,,,,,,,,,,,,,,,,,,0.0,,-0.0,1.0,435
,,,,,,,,,,,,,,,0.0,,,,,,-0.0,1.0,436
,,,,,,,,,,,,,,,0.0,,,,,,-0.0,1.0,437
,,,,,,,,,,,,,0.0,,,,,,,,-0.0,1.0,438
,,,,,,,,,,,,0.0,,,,,,,,,-0.0,1.0,439
,,0.0,,,,,,,,,,,,,,,,,,,-0.0,1.0,440
,,,,,,,,,,,,,,,,,,,0.0,,-0.0,1.0,441
,,,,,,,,,,,,,,,,0.0,,,,,-0.0,1.0,442
,,,,,,,,,,0.0,,,,,,,,,,,-0.0,1.0,443
,,-0.0034661870694625697,-0.019663057222694257,,,,,,,,,,,,,,,,,,0.023129244292156827,1.0233987994535438,444
,,,,,,,,,,,0.0,,,,,,,,,,-0.0,1.0,445
,,,,0.0,,,,,,,,,,,,,,,,,-0.0,1.0,446
,,,,,,,,,,,,,,,,0.0,,,,,-0.0,1.0,447
,,,,,,,,,,,0.0,,,,,,,,,,-0.0,1.0,448
,,,,,,,,,,,,,,,,,,0.0,,,-0.0,1.0,449
,,0.0,,,,,,,,,,,,,,,,,,,-0.0,1.0,450
,,,,,,,,,0.0,,,,,,,,,,,,-0.0,1.0,451
,,,,,,,,,,,,,,,,,,0.0,,,-0.0,1.0,452
,,,-0.013791988613979565,,,,-0.05939814054188965,,,,,,,,,,,,,,0.07319012915586921,1.0759350840982052,453
,,,,,,,,,,,,,,,,,,,0.0,,-0.0,1.0,454
-0.05939814054188965,,,,,,,,,,,,,,,-0.013791988613979565,,,,,,0.07319012915586921,1.0759350840982052,455
,,,,,,,0.0,,,,,,,,,,,,,,-0.0,1.0,456
,,,,,,,,,,,,,,,,,,,0.0,,-0.0,1.0,457
,,,,,,,0.0,,,,,,,,,,,,,,-0.0,1.0,458
,,,,,,,,,,,,,,,,,,,0.0,,-0.0,1.0,459
,,,,,,,,,0.0,,,,,,,,,,,,-0.0,1.0,460
,0.0,,,,,,,,,,,,,,,,,,,,-0.0,1.0,461
,,,,,,,,,-0.0034661870694625697,,,,,,,,,,-0.019663057222694257,,0.023129244292156827,1.0233987994535438,462
,,,,,,,,,,,,,,,0.0,,,,,,-0.0,1.0,463
,,0.0,,,,,,,,,,,,,,,,,,,-0.0,1.0,464
,,,-0.024007752900757823,,-0.0903449733248765,,,,,,,,,,,,,,,,0.11435272622563432,1.1211475132788637,465
,,,,,,,,,,,,,,,,0.0,,,,,-0.0,1.0,466
,,,,,,,,,,,,,0.0,,,,,,,,-0.0,1.0,467
,,,,,,,,,,0.0,,,,,,,,,,,-0.0,1.0,468
,,0.0,,,,,,,,,,,,,,,,,,,-0.0,1.0,469
,,,,,,,0.0,,,,,,,,,,,,,,-0.0,1.0,470
,,,,,,,,,0.0,,,,,,,,,,,,-0.0,1.0,471
,,,,,,,,,,,,,,,,0.0,,,,,-0.0,1.0,472
,,,,,,,,,,,,,,,,,,0.0,,,-0.0,1.0,473
,,,,,,,,,,,,,,,,0.0,,,,,-0.0,1.0,474
,,,,,,,,,,,,,,,0.0,,,,,,-0.0,1.0,475
,,,,,,,,,,,,,,-0.04754529366112329,,-0.01036222382701104,,,,,0.05790751748813433,1.059616995137362,476
,,,,,,,,,,,,,,,0.0,,,,,,-0.0,1.0,477
,,,,,,,0.0,,,,,,,,,,,,,,-0.0,1.0,478
,,0.0,,,,,,,,,,,,,,,,,,,-0.0,1.0,479
,,,,,,,,,,0.0,,,,,,,,,,,-0.0,1.0,480
,,,,,,,,,,0.0,,,,,,,,,,,-0.0,1.0,481
,,,,,,,0.0,,,,,,,,,,,,,,-0.0,1.0,482
,,,,,,,,,,,,,0.0,,,,,,,,-0.0,1.0,483
,,,,,,,,,,,0.0,,,,,,,,,,-0.0,1.0,484
,,,0.0,,,,,,,,,,,,,,,,,,-0.0,1.0,485
,,,,,,,,,,,,,,,,,,,0.0,,-0.0,1.0,486
,,,,,,,,,,,,,,,,0.0,,,,,-0.0,1.0,487
,,-0.0034661870694625697,,,,,,,,,-0.019663057222694257,,,,,,,,,,0.023129244292156827,1.0233987994535438,488
,,,,,,,0.0,,,,,,,,,,,,,,-0.0,1.0,489
,,,,,,,,,,,,,,,,0.0,,,,,-0.0,1.0,490
,,,,,,,,,0.0,,,,,,,,,,,,-0.0,1.0,491
,,,,,,,,,,,,,,,,,,0.0,,,-0.0,1.0,492
,,,,,,,,,,,,,,,0.0,,,,,,-0.0,1.0,493
,,,,,,,,,0.0,,,,,,,,,,,,-0.0,1.0,494
,,,,,,,,,,,,,,,,0.0,,,,,-0.0,1.0,495
,,,,,,,,,,,,,,0.0,,,,,,,-0.0,1.0,496
,,,,0.0,,,,,,,,,,,,,,,,,-0.0,1.0,497
,,0.0,,,,,,,,,,,,,,,,,,,-0.0,1.0,498
,,,,,,,,,,,,,,0.0,,,,,,,-0.0,1.0,499
,,,,,,,,,,,,,,0.0,,,,,,,-0.0,1.0,500
,,,0.0,,,,,,,,,,,,,,,,,,-0.0,1.0,501
,,,,,,0.0,,,,,,,,,,,,,,,-0.0,1.0,502
,,,,,,,,,,0.0,,,,,,,,,,,-0.0,1.0,503
,,,,,,,,,,,,,,,,,,,0.0,,-0.0,1.0,504
,,,,,,,,,,,,,,,,,,,0.0,,-0.0,1.0,505
,,,,,,,,,,,,,,,,,,0.0,,,-0.0,1.0,506
,,,,,,0.0,,,,,,,,,,,,,,,-0.0,1.0,507
,,,,,,0.0,,,,,,,,,,,,,,,-0.0,1.0,508
0.0,,,,,,,,,,,,,,,,,,,,,-0.0,1.0,509
,,,,,,,,,-0.019663057222694257,,,,,,,,,,-0.0034661870694625697,,0.023129244292156827,1.0233987994535438,510
,,,,,,,,,,,,,,,,,,,0.0,,-0.0,1.0,511
,,,,,,,0.0,,,,,,,,,,,,,,-0.0,1.0,512
0.0,,,,,,,,,,,,,,,,,,,,,-0.0,1.0,513
,,,,,,,,,-0.019663057222694257,,,-0.0034661870694625697,,,,,,,,,0.023129244292156827,1.0233987994535438,514
,,,,,,,,,,0.0,,,,,,,,,,,-0.0,1.0,515
,,,,,,,,,,,,,,,0.0,,,,,,-0.0,1.0,516
,,,,,0.0,,,,,,,,,,,,,,,,-0.0,1.0,517
,,0.0,,,,,,,,,,,,,,,,,,,-0.0,1.0,518
,,,,,,,,,,,,,0.0,,,,,,,,-0.0,1.0,519
,,,,,,,,,,,,,,,,0.0,,,,,-0.0,1.0,520
,,,,,,,,,,,,,,,0.0,,,,,,-0.0,1.0,521
,,,,,,,,,,,,,,,,,,0.0,,,-0.0,1.0,522
,,,,,,,0.0,,,,,,,,,,,,,,-0.0,1.0,523
,,,,,,,,,,,,,0.0,,,,,,,,-0.0,1.0,524
,,,,,,,,,,,,,,,0.0,,,,,,-0.0,1.0,525
