A,R,N,D,C,E,Q,G,H,I,L,K,M,F,P,S,T,W,Y,V,*,entropy,n_effective,site
,,,,,,,,,,,,0.0,,,,,,,,,-0.0,1.0,1
,,,,,,,,,,,,,0.0,,,,,,,,-0.0,1.0,2
,,,,,,,,,,,,,,,,,,,0.0,,-0.0,1.0,3
,,,,,,,,,,0.0,,,,,,,,,,,-0.0,1.0,4
,,,,,,,,,,0.0,,,,,,,,,,,-0.0,1.0,5
,,,,,,,,,,,,,-0.018407061499389366,,,,,,-0.003199986285279466,,0.02160704778466883,1.0218421704234546,6
0.0,,,,,,,,,,,,,,,,,,,,,-0.0,1.0,7
,,,,,,,,,,,,,,,,,,0.0,,,-0.0,1.0,8
0.0,,,,,,,,,,,,,,,,,,,,,-0.0,1.0,9
,,,,,,,,,,0.0,,,,,,,,,,,-0.0,1.0,10
,,,,,,,,,,-0.003199986285279466,,,,,-0.018407061499389366,,,,,,0.02160704778466883,1.0218421704234546,11
,,,,,,,,0.0,,,,,,,,,,,,,-0.0,1.0,12
,,,,,,,,,0.0,,,,,,,,,,,,-0.0,1.0,13
0.0,,,,,,,,,,,,,,,,,,,,,-0.0,1.0,14
,,,-0.018407061499389366,,,,-0.006389666674327003,,,,,,,,,,,,-0.018407061499389366,,0.04320378967310573,1.0441506602919104,15
,,,,-0.009569007922200928,,,,,,,,,,,-0.04465760479943628,,,,,,0.0542266127216372,1.05572381549679,16
,,,,,,0.0,,,,,,,,,,,,,,,-0.0,1.0,17
,,,,,,,,,,,,,,,,0.0,,,,,-0.0,1.0,18
,,,,,,,,,-0.25642899701012073,,,,,,,-0.1140569625303427,,,,,0.3704859595404634,1.44843832608517,19
,,0.0,,,,,,,,,,,,,,,,,,,-0.0,1.0,20
-0.018407061499389366,,,,,-0.018407061499389366,,-0.006389666674327003,,,,,,,,,,,,,,0.04320378967310573,1.0441506602919104,21
,,,,,,,,,,-0.10228207530211336,,-0.21177400861775364,,,,-0.10845590031244788,,,,,0.4225119842323149,1.5257895049097843,22
,,0.0,,,,,,,,,,,,,,,,,,,-0.0,1.0,23
,,,,,,,,,,,,,,,,0.0,,,,,-0.0,1.0,24
,,-0.01850507192735223,,,,,,,-0.06656668362975954,,,,,,-0.01916631356833215,,,,,,0.10423806912544392,1.1098646479723338,25
,,-0.018407061499389366,,,,-0.05585524136781528,,-0.01904466112908044,,,,,,,,,,-0.018407061499389366,,,0.11171402549567445,1.1181930402165645,26
-0.032370871841343185,,,,,,,,,,,,,,,-0.006389666674327003,,,,,,0.038760538515670184,1.0395215284755581,27
,,,,,,,,,,,,,,,,,,,0.0,,-0.0,1.0,28
,,,,0.0,,,,,,,,,,,,,,,,,-0.0,1.0,29
,,-0.006389666674327003,,,,,,,,,-0.032370871841343185,,,,,,,,,,0.038760538515670184,1.0395215284755581,30
,,,,,,,0.0,,,,,,,,,,,,,,-0.0,1.0,31
,,,,0.0,,,,,,,,,,,,,,,,,-0.0,1.0,32
,,,,,,,,,,,,,,,,,,,0.0,,-0.0,1.0,33
,,,,,,,0.0,,,,,,,,,,,,,,-0.0,1.0,34
,,,,,,,,-0.009569007922200928,,,,,,,,,,-0.04465760479943628,,,0.0542266127216372,1.05572381549679,35
,,,,,,,,,,-0.032370871841343185,,,,,-0.006389666674327003,,,,,,0.038760538515670184,1.0395215284755581,36
,,,,,-0.04994405484514396,,,,,,-0.15232894695229235,,,,,,,,,,0.20227300179743632,1.2241821664281964,37
,,-0.003199986285279466,,,,,,,-0.018407061499389366,,,,,,,,,,,,0.02160704778466883,1.0218421704234546,38
-0.018407061499389366,,,,,,,,,,,,,,,,,,,-0.003199986285279466,,0.02160704778466883,1.0218421704234546,39
,,,,,,,,,,,,,0.0,,,,,,,,-0.0,1.0,40
-0.2463546189761749,,,-0.3586135146574665,,,,,,,,,,,,,-0.018407061499389366,,,-0.018407061499389366,,0.6417822566324203,1.8998639087481834,41
,,,,,,,,,,,,,,,,,,,0.0,,-0.0,1.0,42
,,,-0.032370871841343185,,-0.006389666674327003,,,,,,,,,,,,,,,,0.038760538515670184,1.0395215284755581,43
,,,,,,,,,,,,,,,0.0,,,,,,-0.0,1.0,44
,,,,,,,0.0,,,,,,,,,,,,,,-0.0,1.0,45
,,,,,,,0.0,,,,,,,,,,,,,,-0.0,1.0,46
,,,,,,,,,,,,,,,,,,0.0,,,-0.0,1.0,47
,,,,,,,,,0.0,,,,,,,,,,,,-0.0,1.0,48
,,,,,,,,,,,,,,-0.003199986285279466,,-0.018407061499389366,,,,,0.02160704778466883,1.0218421704234546,49
,,,,,,,,,,,,,,-0.018407061499389366,-0.006389666674327003,-0.018407061499389366,,,,,0.04320378967310573,1.0441506602919104,50
,,-0.055995146212869946,-0.16457489018730678,,,,,,,,,,,,,,,,,,0.22057003640017672,1.2467872421707218,51
,,,,,,,,,,,,,-0.003199986285279466,,,,,,-0.018407061499389366,,0.02160704778466883,1.0218421704234546,52
-0.15193463066162882,,,,,,,,,,,,,,,-0.2986265782046758,,,,,,0.45056120886630463,1.5691925832141966,53
,,,,,,,,,,,,,0.0,,,,,,,,-0.0,1.0,54
,,0.0,,,,,,,,,,,,,,,,,,,-0.0,1.0,55
,,0.0,,,,,,,,,,,,,,,,,,,-0.0,1.0,56
,,,,,,,,,,,,,,,,,0.0,,,,-0.0,1.0,57
,,,,,,,,,,,,,0.0,,,,,,,,-0.0,1.0,58
,,,,,,,,,,0.0,,,,,,,,,,,-0.0,1.0,59
,,,,,,,,,,0.0,,,,,,,,,,,-0.0,1.0,60
,,,,,,,,,,,,,,,,0.0,,,,,-0.0,1.0,61
,,0.0,,,,,,,,,,,,,,,,,,,-0.0,1.0,62
,,,,,,,,,,,,,,,,0.0,,,,,-0.0,1.0,63
,,,,,,,,,,,,,,,0.0,,,,,,-0.0,1.0,64
,,,,,,,,,,,,,,,0.0,,,,,,-0.0,1.0,65
,,,,,,,,,,,,,,,,,,,0.0,,-0.0,1.0,66
,,,,,,,,,,,,,,,,,,,0.0,,-0.0,1.0,67
,,,0.0,,,,,,,,,,,,,,,,,,-0.0,1.0,68
,,,,,,,0.0,,,,,,,,,,,,,,-0.0,1.0,69
,,,,,,,,,,,,,,,,,,,0.0,,-0.0,1.0,70
,,,,,,,,,,,,,,,,,,,0.0,,-0.0,1.0,71
,0.0,,,,,,,,,,,,,,,,,,,,-0.0,1.0,72
,,,,,,,-0.018407061499389366,,,,,,,,-0.003199986285279466,,,,,,0.02160704778466883,1.0218421704234546,73
,,,,,,,,,,,,,0.0,,,,,,,,-0.0,1.0,74
,,,,,,0.0,,,,,,,,,,,,,,,-0.0,1.0,75
,,,,,,,,,,,,,,0.0,,,,,,,-0.0,1.0,76
,,,,,,,,,,0.0,,,,,,,,,,,-0.0,1.0,77
,,,,,,,,,,0.0,,,,,,,,,,,-0.0,1.0,78
,,,,,,,,,-0.018407061499389366,-0.003199986285279466,,,,,,,,,,,0.02160704778466883,1.0218421704234546,79
,,0.0,,,,,,,,,,,,,,,,,,,-0.0,1.0,80
,,,,0.0,,,,,,,,,,,,,,,,,-0.0,1.0,81
,,,,,,,,,,0.0,,,,,,,,,,,-0.0,1.0,82
,,,,,,,,,,,,,,,,,0.0,,,,-0.0,1.0,83
,,,,,,,,,,,,,,,0.0,,,,,,-0.0,1.0,84
,,,,,,,,,,,,,,,,,,,0.0,,-0.0,1.0,85
-0.018407061499389366,,,,,,,,,,,,,,,-0.01904466112908044,,,-0.06624303325922086,,,0.10369475588769067,1.1092618075973832,86
,,,,,,,-0.003199986285279466,,,,,,,,,,,,-0.018407061499389366,,0.02160704778466883,1.0218421704234546,87
,,,,,,,,,,-0.032370871841343185,,,,,-0.006389666674327003,,,,,,0.038760538515670184,1.0395215284755581,88
,-0.3285929404541082,,,,-0.06624303325922086,-0.2018186649749931,,-0.018407061499389366,,,,,,,,,,,,,0.6150617001877114,1.8497707272385349,89
,,,,,,,,,,-0.18162851202502323,,,-0.2759570762101609,,,,,,-0.3552064316468391,,0.8127920198820233,2.2541929602710384,90
,,,,,,,,,-0.3607934089840675,,,,,,,-0.2504960617129672,,,-0.018407061499389366,,0.6296965321964241,1.8770408713542592,91
,,,,,,,,,,,,,,,,0.0,,,,,-0.0,1.0,92
,,,,,,,0.0,,,,,,,,,,,,,,-0.0,1.0,93
,,,,,,,,,,,,,0.0,,,,,,,,-0.0,1.0,94
,,,,,,,,,,,,,,,,,,,0.0,,-0.0,1.0,95
,,,,,,,,,,,,,,,,,,0.0,,,-0.0,1.0,96
,,,,,,,,,,,,,0.0,,,,,,,,-0.0,1.0,97
,,0.0,,,,,,,,,,,,,,,,,,,-0.0,1.0,98
,,,,,,,0.0,,,,,,,,,,,,,,-0.0,1.0,99
,,-0.04465760479943628,,,,,,,,,,,,,,-0.009569007922200928,,,,,0.0542266127216372,1.05572381549679,100
,,,,,,,0.0,,,,,,,,,,,,,,-0.0,1.0,101
,-0.0971147554463627,,,,,,,,,,-0.018407061499389366,,,,-0.04465760479943628,-0.21635372747999934,,,,,0.37653314922518766,1.457223844464937,102
,,,,,,,0.0,,,,,,,,,,,,,,-0.0,1.0,103
-0.2111680972339547,,,-0.3398579920072425,,,,,,,,,,,,,,,-0.032370871841343185,-0.018407061499389366,,0.6018040225819297,1.825408910677695,104
,,,,0.0,,,,,,,,,,,,,,,,,-0.0,1.0,105
,,,,,,,,,,,0.0,,,,,,,,,,-0.0,1.0,106
,,,,,,,0.0,,,,,,,,,,,,,,-0.0,1.0,107
,,,,,,,,,,,,,0.0,,,,,,,,-0.0,1.0,108
,,,,,,,,,,,,,,,-0.0759854561265659,,,-0.01904466112908044,,,0.09503011725564635,1.099691974331694,109
,,,,,,,,,,,,,,,0.0,,,,,,-0.0,1.0,110
,,-0.003199986285279466,-0.018407061499389366,,,,,,,,,,,,,,,,,,0.02160704778466883,1.0218421704234546,111
-0.03462746743988009,,,,,,,,,,,,,,,-0.032370871841343185,,,,-0.10228207530211336,,0.16928041458333665,1.1844522300387659,112
,,,,,,,,,,-0.018407061499389366,,,,,-0.003199986285279466,,,,,,0.02160704778466883,1.0218421704234546,113
,,,,,,,,,,,,,,,0.0,,,,,,-0.0,1.0,114
-0.018407061499389366,,,-0.003199986285279466,,,,,,,,,,,,,,,,,,0.02160704778466883,1.0218421704234546,115
,,,,,,,,,,,,,,,,,,,0.0,,-0.0,1.0,116
,,,,,,,,,0.0,,,,,,,,,,,,-0.0,1.0,117
,0.0,,,,,,,,,,,,,,,,,,,,-0.0,1.0,118
,,,,,,,,,,,,,,,,,,0.0,,,-0.0,1.0,119
,,0.0,,,,,,,,,,,,,,,,,,,-0.0,1.0,120
,,,,,,,,,-0.003199986285279466,-0.018407061499389366,,,,,,,,,,,0.02160704778466883,1.0218421704234546,121
,,0.0,,,,,,,,,,,,,,,,,,,-0.0,1.0,122
,,,,,,,,,,,,,0.0,,,,,,,,-0.0,1.0,123
,,,,,0.0,,,,,,,,,,,,,,,,-0.0,1.0,124
,-0.018407061499389366,,,,-0.003199986285279466,,,,,,,,,,,,,,,,0.02160704778466883,1.0218421704234546,125
,,0.0,,,,,,,,,,,,,,,,,,,-0.0,1.0,126
,,,,,,,,,,0.0,,,,,,,,,,,-0.0,1.0,127
,0.0,,,,,,,,,,,,,,,,,,,,-0.0,1.0,128
,-0.003199986285279466,,,,,,,-0.018407061499389366,,,,,,,,,,,,,0.02160704778466883,1.0218421704234546,129
,,,,,,,0.0,,,,,,,,,,,,,,-0.0,1.0,130
,,,,,,,,,,,,,,,,0.0,,,,,-0.0,1.0,131
,,,,,,,,,0.0,,,,,,,,,,,,-0.0,1.0,132
,,,,,,,,,,0.0,,,,,,,,,,,-0.0,1.0,133
,,,,,,,,,,,,,0.0,,,,,,,,-0.0,1.0,134
,,,,,,,,,,,0.0,,,,,,,,,,-0.0,1.0,135
,,,,,,,,,,,,,,,,0.0,,,,,-0.0,1.0,136
,,,,,,,,,,,,,,,0.0,,,,,,-0.0,1.0,137
,,,,,,,,,,,,,,,,,,0.0,,,-0.0,1.0,138
,,,,,,,0.0,,,,,,,,,,,,,,-0.0,1.0,139
-0.03462746743988009,,,,,,,,,,,,,,,,,,,-0.11793649700359689,,0.15256396444347697,1.1648169665807897,140
,,,,,,,,,,,,,,,,,,,0.0,,-0.0,1.0,141
,,,,,,,,,,-0.018407061499389366,,,,,,,,,-0.003199986285279466,,0.02160704778466883,1.0218421704234546,142
,,,,,,,,,,,,,0.0,,,,,,,,-0.0,1.0,143
,,,,,,,,,,,,,,,,,,0.0,,,-0.0,1.0,144
,,,,0.0,,,,,,,,,,,,,,,,,-0.0,1.0,145
,,,,,,,,,,,,,,,,0.0,,,,,-0.0,1.0,146
,,0.0,,,,,,,,,,,,,,,,,,,-0.0,1.0,147
,,0.0,,,,,,,,,,,,,,,,,,,-0.0,1.0,148
,,,,,,,,,,,,,,,,0.0,,,,,-0.0,1.0,149
,,,,,,,,,,0.0,,,,,,,,,,,-0.0,1.0,150
,,,,,,,,,,,,,,,,,,,0.0,,-0.0,1.0,151
,,,,,,,,,,-0.018407061499389366,,,,,-0.003199986285279466,,,,,,0.02160704778466883,1.0218421704234546,152
,,,,,,,0.0,,,,,,,,,,,,,,-0.0,1.0,153
,,,-0.003199986285279466,,,,,,,,,,,,,-0.018407061499389366,,,,,0.02160704778466883,1.0218421704234546,154
-0.01904466112908044,,,-0.018407061499389366,,,,,,,,,,,,,,,,-0.06624303325922086,,0.10369475588769067,1.1092618075973832,155
,,,,,,,,0.0,,,,,,,,,,,,,-0.0,1.0,156
,,,,,,,,,-0.003199986285279466,,,,,,,,,,-0.018407061499389366,,0.02160704778466883,1.0218421704234546,157
,,,,,,,,,,,,,,0.0,,,,,,,-0.0,1.0,158
,,,,,,,,,,,,,-0.11793649700359689,-0.032370871841343185,-0.04078629715134606,,,,,,0.19109366599628613,1.2105728362818817,159
,,,,,,,0.0,,,,,,,,,,,,,,-0.0,1.0,160
-0.018407061499389366,-0.018407061499389366,,,,,,,,,,,,,,,-0.006389666674327003,,,,,0.04320378967310573,1.0441506602919104,161
,,,,,,,,,,,,,,,,,,,0.0,,-0.0,1.0,162
,,,,,,,,,,-0.009569007922200928,,,,,-0.04465760479943628,,,,,,0.0542266127216372,1.05572381549679,163
,,,,,,,0.0,,,,,,,,,,,,,,-0.0,1.0,164
,,0.0,,,,,,,,,,,,,,,,,,,-0.0,1.0,165
,,,,,,,,,,,,,0.0,,,,,,,,-0.0,1.0,166
,,,,,,,,,,,,,,,,,,0.0,,,-0.0,1.0,167
,,,,0.0,,,,,,,,,,,,,,,,,-0.0,1.0,168
,,,,,,,,,,,,,0.0,,,,,,,,-0.0,1.0,169
-0.032370871841343185,,,,,,,,,,,,,,,,,,,-0.006389666674327003,,0.038760538515670184,1.0395215284755581,170
,,0.0,,,,,,,,,,,,,,,,,,,-0.0,1.0,171
,,,,,,,,,,,,,,,,0.0,,,,,-0.0,1.0,172
,,,,,,,,,,,,,,,-0.018407061499389366,-0.003199986285279466,,,,,0.02160704778466883,1.0218421704234546,173
,,,,,,,,,0.0,,,,,,,,,,,,-0.0,1.0,174
,,,-0.19222021267066552,,,,-0.07093143721938298,,,,,,,,,,,,,,0.2631516498900485,1.301024004139386,175
,,0.0,,,,,,,,,,,,,,,,,,,-0.0,1.0,176
,,,,,0.0,,,,,,,,,,,,,,,,-0.0,1.0,177
,,,,,,,,,,,,,,,,0.0,,,,,-0.0,1.0,178
,,,,,,,,,,,,,,,,0.0,,,,,-0.0,1.0,179
,,,,,,,,,,,,,-0.018407061499389366,,-0.003199986285279466,,,,,,0.02160704778466883,1.0218421704234546,180
-0.07976042890716065,,,-0.018407061499389366,,,,,,,,,,,,-0.06624303325922086,-0.1761071098881725,,,,,0.3405176335539434,1.4056750268344698,181
,,,,,,,,,,,,,0.0,,,,,,,,-0.0,1.0,182
,,,,,,,,,,,,,,,,,,,0.0,,-0.0,1.0,183
,,,,,,,0.0,,,,,,,,,,,,,,-0.0,1.0,184
0.0,,,,,,,,,,,,,,,,,,,,,-0.0,1.0,185
,,,,,,,,,,0.0,,,,,,,,,,,-0.0,1.0,186
,,,,,,,,,,,,,,0.0,,,,,,,-0.0,1.0,187
,,,,,,,,,,,0.0,,,,,,,,,,-0.0,1.0,188
,,,,,,,,,,,,,,,,0.0,,,,,-0.0,1.0,189
-0.018407061499389366,,,,,,,,,,,,,,,,,,,-0.003199986285279466,,0.02160704778466883,1.0218421704234546,190
,0.0,,,,,,,,,,,,,,,,,,,,-0.0,1.0,191
,,,,,0.0,,,,,,,,,,,,,,,,-0.0,1.0,192
,,,,,,,,,,,,,0.0,,,,,,,,-0.0,1.0,193
,,,,,,,,,,,,,,,,,,,0.0,,-0.0,1.0,194
,,,,,,,,,0.0,,,,,,,,,,,,-0.0,1.0,195
-0.05585524136781528,,,,,,,,,,,,,,,-0.012737976568780819,,,,,,0.06859321793659609,1.0710004567505216,196
,0.0,,,,,,,,,,,,,,,,,,,,-0.0,1.0,197
,,,,,,,,,,,,,,,,0.0,,,,,-0.0,1.0,198
,,,,,,,0.0,,,,,,,,,,,,,,-0.0,1.0,199
,,,,,,,,0.0,,,,,,,,,,,,,-0.0,1.0,200
,,,,,,,,,,,,,0.0,,,,,,,,-0.0,1.0,201
,,,,,,,,,,,,,,,,,,0.0,,,-0.0,1.0,202
,,,,,,,,,0.0,,,,,,,,,,,,-0.0,1.0,203
,,0.0,,,,,,,,,,,,,,,,,,,-0.0,1.0,204
,,,,,,,0.0,,,,,,,,,,,,,,-0.0,1.0,205
,,,,,,,,,,,,,,,,,,0.0,,,-0.0,1.0,206
,0.0,,,,,,,,,,,,,,,,,,,,-0.0,1.0,207
,,,,,,,,,,,,,,,,,,0.0,,,-0.0,1.0,208
,,,,,,,,,,,,,0.0,,,,,,,,-0.0,1.0,209
,,,,,,,,,,,,,,,-0.05297503296009761,-0.1585462414865562,,,,,0.2115212744466538,1.2355562511246467,210
,,,,,,,,,,0.0,,,,,,,,,,,-0.0,1.0,211
,,,,,,,0.0,,,,,,,,,,,,,,-0.0,1.0,212
,,-0.31441462542740073,-0.36477864056412496,,,,,,,,,,,,,,,,,,0.6791932659915256,1.9722859800819115,213
,,,,,,,,,,,,,,,,,,,0.0,,-0.0,1.0,214
,,,,,0.0,,,,,,,,,,,,,,,,-0.0,1.0,215
0.0,,,,,,,,,,,,,,,,,,,,,-0.0,1.0,216
,,,,,,,,,,,,,,,,,,,0.0,,-0.0,1.0,217
,,0.0,,,,,,,,,,,,,,,,,,,-0.0,1.0,218
,,,,,,,,,,-0.018407061499389366,,,-0.003199986285279466,,,,,,,,0.02160704778466883,1.0218421704234546,219
,,0.0,,,,,,,,,,,,,,,,,,,-0.0,1.0,220
,,,,,,,,,,,,,,,,,,,0.0,,-0.0,1.0,221
,,,,,,,,,,,,,,,,0.0,,,,,-0.0,1.0,222
,,-0.003199986285279466,,,,,,,,,,,,,,-0.018407061499389366,,,,,0.02160704778466883,1.0218421704234546,223
-0.01589653893667171,,,,,,,-0.018407061499389366,,,,,,,,,,,,-0.05585524136781528,,0.09015884180387636,1.0943480981263218,224
-0.05900435764800516,,,,,-0.17042538450069805,,,,,,,,,,,,,,,,0.2294297421487032,1.2578824879978754,225
,,,,,,,,,,,,,,,,0.0,,,,,-0.0,1.0,226
,,,,,,,,,-0.2879695656771679,,,,,,,-0.14135345625344833,,,,,0.4293230219306162,1.5362171861003948,227
,,,0.0,,,,,,,,,,,,,,,,,,-0.0,1.0,228
,,,,,,,,,,,,,-0.032370871841343185,,,,,,-0.006389666674327003,,0.038760538515670184,1.0395215284755581,229
,,,,0.0,,,,,,,,,,,,,,,,,-0.0,1.0,230
,,,,,,,,,,,,,,,,0.0,,,,,-0.0,1.0,231
,,,,,,,,,,,,,,,,,,,0.0,,-0.0,1.0,232
0.0,,,,,,,,,,,,,,,,,,,,,-0.0,1.0,233
,,,,,,,,,,0.0,,,,,,,,,,,-0.0,1.0,234
0.0,,,,,,,,,,,,,,,,,,,,,-0.0,1.0,235
,,,,,,,,,,,,,,,0.0,,,,,,-0.0,1.0,236
,,,,,,,,,,,,,,,,,,0.0,,,-0.0,1.0,237
0.0,,,,,,,,,,,,,,,,,,,,,-0.0,1.0,238
,,,0.0,,,,,,,,,,,,,,,,,,-0.0,1.0,239
,,,,,,,,,,,,,,,,,,,0.0,,-0.0,1.0,240
,,,,,,,,,,0.0,,,,,,,,,,,-0.0,1.0,241
,,,,,,,,,,,,,,,,,,,0.0,,-0.0,1.0,242
,,0.0,,,,,,,,,,,,,,,,,,,-0.0,1.0,243
,,,,,,,,,,,,,,,,,,,0.0,,-0.0,1.0,244
,,,,,,,,,,,,,,,0.0,,,,,,-0.0,1.0,245
,,,,,,0.0,,,,,,,,,,,,,,,-0.0,1.0,246
,,,,,,,,,,,,,,,,0.0,,,,,-0.0,1.0,247
-0.01904466112908044,,,,,,,,,,,,,,,-0.018407061499389366,,,,-0.06624303325922086,,0.10369475588769067,1.1092618075973832,248
,,,,,,,,,0.0,,,,,,,,,,,,-0.0,1.0,249
0.0,,,,,,,,,,,,,,,,,,,,,-0.0,1.0,250
,,0.0,,,,,,,,,,,,,,,,,,,-0.0,1.0,251
,,,,,,,,,0.0,,,,,,,,,,,,-0.0,1.0,252
,,,,,,,,,0.0,,,,,,,,,,,,-0.0,1.0,253
,,,,,,,,,,,,,,,,,,0.0,,,-0.0,1.0,254
,,,,0.0,,,,,,,,,,,,,,,,,-0.0,1.0,255
,,0.0,,,,,,,,,,,,,,,,,,,-0.0,1.0,256
,,,,,,,,,,,,,,,0.0,,,,,,-0.0,1.0,257
,,,,,,,,,,,,,,,,,,,0.0,,-0.0,1.0,258
,,,,,,,,,0.0,,,,,,,,,,,,-0.0,1.0,259
,,0.0,,,,,,,,,,,,,,,,,,,-0.0,1.0,260
,-0.003199986285279466,,,,,,,,,,-0.018407061499389366,,,,,,,,,,0.02160704778466883,1.0218421704234546,261
,,,,,,,,,,0.0,,,,,,,,,,,-0.0,1.0,262
,0.0,,,,,,,,,,,,,,,,,,,,-0.0,1.0,263
,,,,0.0,,,,,,,,,,,,,,,,,-0.0,1.0,264
,,,0.0,,,,,,,,,,,,,,,,,,-0.0,1.0,265
,,,,,,0.0,,,,,,,,,,,,,,,-0.0,1.0,266
,,,,,,,,,,0.0,,,,,,,,,,,-0.0,1.0,267
,,,,,,,,,,,,,,,0.0,,,,,,-0.0,1.0,268
,,,,,,,,,,,,,0.0,,,,,,,,-0.0,1.0,269
,,,0.0,,,,,,,,,,,,,,,,,,-0.0,1.0,270
,,,,,,,,,,,,,,,,,,,0.0,,-0.0,1.0,271
,,,,,,,,,,,,,,0.0,,,,,,,-0.0,1.0,272
,,,0.0,,,,,,,,,,,,,,,,,,-0.0,1.0,273
,,,,,,,-0.003199986285279466,,,,,,,,,,,,-0.018407061499389366,,0.02160704778466883,1.0218421704234546,274
,,,,,,,,,,,,,0.0,,,,,,,,-0.0,1.0,275
,,,,,,,,,,,,,,,,,,0.0,,,-0.0,1.0,276
,,,,,,,,,,,,,-0.018407061499389366,,-0.003199986285279466,,,,,,0.02160704778466883,1.0218421704234546,277
,,,,,,,,,,,,,,,,0.0,,,,,-0.0,1.0,278
,,,,,,,,,,,,,,,0.0,,,,,,-0.0,1.0,279
,,,,,,,,,,-0.032370871841343185,,,,-0.006389666674327003,,,,,,,0.038760538515670184,1.0395215284755581,280
,,,,,,,,,-0.01904466112908044,,,,,,,-0.06624303325922086,,,-0.018407061499389366,,0.10369475588769067,1.1092618075973832,281
,,,,,,0.0,,,,,,,,,,,,,,,-0.0,1.0,282
,,,,,,,,,,,,,,-0.2041761954321642,-0.3398579920072425,,,,,,0.5440341874394067,1.7229435380318345,283
-0.018407061499389366,,,,,,,,,,,,,,,,,,,-0.003199986285279466,,0.02160704778466883,1.0218421704234546,284
,,,-0.018407061499389366,,-0.003199986285279466,,,,,,,,,,,,,,,,0.02160704778466883,1.0218421704234546,285
,,,,,,,,,,0.0,,,,,,,,,,,-0.0,1.0,286
,,,,,,,,,,,,,,0.0,,,,,,,-0.0,1.0,287
-0.04465760479943628,,,,,-0.3453148332647323,,,,,-0.018407061499389366,,-0.29073064613860233,,,,,,,-0.31441462542740073,,1.013524771129561,2.75529570595406,288
,,,,,,,,,,,,,,,0.0,,,,,,-0.0,1.0,289
,,,,,,,,,0.0,,,,,,,,,,,,-0.0,1.0,290
,,,,,,,,,,,,,,,,,,,0.0,,-0.0,1.0,291
,,,,,,,,,,,,,,,0.0,,,,,,-0.0,1.0,292
,,,,,,,,,,0.0,,,,,,,,,,,-0.0,1.0,293
,,,,,,,,,,,,,,0.0,,,,,,,-0.0,1.0,294
,,,,,,,,,,,,,,,,,,,0.0,,-0.0,1.0,295
,,,,,,,,,,,,,,,,,,0.0,,,-0.0,1.0,296
,,,,,,,,0.0,,,,,,,,,,,,,-0.0,1.0,297
,,,,,,,,,,,0.0,,,,,,,,,,-0.0,1.0,298
,,,,,,,,0.0,,,,,,,,,,,,,-0.0,1.0,299
,,,,,,,,,,,,,,,-0.018407061499389366,-0.003199986285279466,,,,,0.02160704778466883,1.0218421704234546,300
,,,,,,,,,,,,,-0.006389666674327003,,-0.032370871841343185,,,,,,0.038760538515670184,1.0395215284755581,301
,,,,,,,,,0.0,,,,,,,,,,,,-0.0,1.0,302
,,,,,,,,,,,,,,,,,,,0.0,,-0.0,1.0,303
,,,,,,,,,,0.0,,,,,,,,,,,-0.0,1.0,304
,,,,,,,,-0.35958495874366964,,,,,,,,,,-0.32829326375422124,,,0.6878782224978909,1.9894897971003147,305
,,,,,,,,,,,,,,,,,,,0.0,,-0.0,1.0,306
,,-0.3320982561468048,-0.11026981073126399,,,,,,,,-0.3634711215550253,,,,,,,,,,0.8058391884330942,2.2385742964529647,307
,,,,,,,,,,,,,0.0,,,,,,,,-0.0,1.0,308
,,,-0.17042538450069805,,-0.1168399685464573,,-0.018407061499389366,,,,-0.17042538450069805,,,,,,,,,,0.47609779904724275,1.6097804432538116,309
,,,,,,,,-0.2796436967302631,,-0.3655099301332422,,,,-0.08519118997204866,,,,,,,0.730344816835554,2.075796253779102,310
,-0.36321905225221685,,,,,-0.36194669577559785,-0.34657359027997264,,,,,,,,,,-0.018407061499389366,,,,1.0901463998071768,2.974709537589,311
,-0.10845590031244788,,,,,,,,,,,,,-0.018407061499389366,-0.24541003019616153,,,,,,0.3722729920079988,1.4510290465624582,312
,,,,,,,-0.003199986285279466,,,,,,,,-0.018407061499389366,,,,,,0.02160704778466883,1.0218421704234546,313
,-0.13241890959783106,,,,,,-0.0759854561265659,-0.10228207530211336,,,,,,-0.12237071614734221,,,,,-0.13241890959783106,,0.5654760667716836,1.7602855967595699,314
,,,,,,,0.0,,,,,,,,,,,,,,-0.0,1.0,315
,-0.36321905225221685,,,,,,,,,,-0.25860197107869554,,,,,-0.018407061499389366,,,,,0.6402280848303017,1.896913487158247,316
,,,,0.0,,,,,,,,,,,,,,,,,-0.0,1.0,317
,,,,,,,,,,,,,-0.0759854561265659,,,,,-0.01904466112908044,,,0.09503011725564635,1.099691974331694,318
,,0.0,,,,,,,,,,,,,,,,,,,-0.0,1.0,319
,,,,0.0,,,,,,,,,,,,,,,,,-0.0,1.0,320
,-0.003199986285279466,,,,,,,,,,,,,,,,,-0.018407061499389366,,,0.02160704778466883,1.0218421704234546,321
,,,,,,,,,,,,,,0.0,,,,,,,-0.0,1.0,322
-0.16231855862967787,,,-0.018407061499389366,,,,,,,,,,,,-0.3059674684029988,,,,,,0.48669308853206605,1.6269272101285448,323
,,,,,,,-0.018407061499389366,,,,,,,,,,,,-0.003199986285279466,,0.02160704778466883,1.0218421704234546,324
,,,,,,,,,-0.24003335207021817,,,,,,,,,,-0.3578161756694983,,0.5978495277397164,1.818204594659198,325
,,0.0,,,,,,,,,,,,,,,,,,,-0.0,1.0,326
,,,,,,,,,0.0,,,,,,,,,,,,-0.0,1.0,327
,,,,,,,,,,,,,,,,0.0,,,,,-0.0,1.0,328
,,,,,,,,,,0.0,,,,,,,,,,,-0.0,1.0,329
-0.006389666674327003,,,,,,,,,,,,,,,-0.018407061499389366,,,,-0.018407061499389366,,0.04320378967310573,1.0441506602919104,330
,,0.0,,,,,,,,,,,,,,,,,,,-0.0,1.0,331
,,,,,,,,,,,,,0.0,,,,,,,,-0.0,1.0,332
,,0.0,,,,,,,,,,,,,,,,,,,-0.0,1.0,333
,,,,,0.0,,,,,,,,,,,,,,,,-0.0,1.0,334
,,,,,,,,,,,,,,,,0.0,,,,,-0.0,1.0,335
,,,,,,,,,,,0.0,,,,,,,,,,-0.0,1.0,336
,,,,,,,0.0,,,,,,,,,,,,,,-0.0,1.0,337
,,,,,,,,,,,,,,0.0,,,,,,,-0.0,1.0,338
,,,,,,,,,,0.0,,,,,,,,,,,-0.0,1.0,339
,,,,0.0,,,,,,,,,,,,,,,,,-0.0,1.0,340
,,,,,,,,,,,,,,,,,,,0.0,,-0.0,1.0,341
,,,-0.02218230902766533,,-0.08519118997204866,,,,,,,,,,,,,,,,0.10737349899971399,1.1133500119477873,342
,,,,,,,,,,,,,,,,0.0,,,,,-0.0,1.0,343
,,,,,,,,,,,,,,,0.0,,,,,,-0.0,1.0,344
,,,,,,,,0.0,,,,,,,,,,,,,-0.0,1.0,345
,,,,,,,,,,,,,0.0,,,,,,,,-0.0,1.0,346
,,,,,,,,,,,,,,,,0.0,,,,,-0.0,1.0,347
,,,,,,,,,,,,,,,,0.0,,,,,-0.0,1.0,348
,-0.2633491966276341,,,,,-0.15193463066162882,,,,-0.018407061499389366,-0.11793649700359689,,,,,,,,,,0.5516273857922491,1.7360759856088173,349
,,,,,,,,,,,,,-0.02842604434914842,,,,,-0.10228207530211336,,,0.13070811965126178,1.1396350956729926,350
,,,,,,,,,,,,,,,,,,,0.0,,-0.0,1.0,351
-0.032370871841343185,,,,,,,,,,,,,-0.018407061499389366,,,,,,-0.009569007922200928,,0.06034694126293348,1.0622050053709362,352
-0.0759854561265659,,,-0.26452437969343184,,,,-0.3561130481297313,,,,,,,,-0.0759854561265659,,,,-0.032370871841343185,,0.8049792119176382,2.236650002672236,353
,,-0.012319535701723098,-0.022681560851887134,,,,,,,,,,,,,,,-0.03963463260823753,,,0.07463572916184777,1.077491580626847,354
-0.1761071098881725,,,,,,,,,,,,,,,,,,,-0.06200263005779031,,0.2381097399459628,1.2688484285428943,355
,,-0.11793649700359689,,,,,,,,,-0.03462746743988009,,,,,,,,,,0.15256396444347697,1.1648169665807897,356
,,,,,,,,,,-0.20652031527194176,,,-0.3303423336026942,,,,,,-0.08519118997204866,,0.6220538388466846,1.8627499038727604,357
-0.33332880452642805,,,-0.3578161756694983,,,,-0.12531140530851853,,,,,,,-0.27313311570828386,,,,,,,1.0895895012127288,2.973053387225333,358
,0.0,,,,,,,,,,,,,,,,,,,,-0.0,1.0,359
,,,,,,,,,,,,,,,,,0.0,,,,-0.0,1.0,360
,,,,,,,,,,,,,,,0.0,,,,,,-0.0,1.0,361
0.0,,,,,,,,,,,,,,,,,,,,,-0.0,1.0,362
,,,,,,,,,,,,,,,0.0,,,,,,-0.0,1.0,363
,,,,,,,,,0.0,,,,,,,,,,,,-0.0,1.0,364
,,-0.22921129300945345,-0.3532809508755069,,,,,,,,,,,,,,,,,,0.5824922438849603,1.790495225510292,365
,,,,,,,,,,,,,,,-0.018407061499389366,-0.003199986285279466,,,,,0.02160704778466883,1.0218421704234546,366
,,,,,,,0.0,,,,,,,,,,,,,,-0.0,1.0,367
,,0.0,,,,,,,,,,,,,,,,,,,-0.0,1.0,368
,,,,0.0,,,,,,,,,,,,,,,,,-0.0,1.0,369
,,,,,,,,,,,,,,0.0,,,,,,,-0.0,1.0,370
,,,,,,,,,,,,,0.0,,,,,,,,-0.0,1.0,371
,,,,,,,,,,,,,,,0.0,,,,,,-0.0,1.0,372
,,,,,,,,,,,,,0.0,,,,,,,,-0.0,1.0,373
,,,,,,,0.0,,,,,,,,,,,,,,-0.0,1.0,374
,,,,,,,,,,,-0.003199986285279466,,,,,-0.018407061499389366,,,,,0.02160704778466883,1.0218421704234546,375
,,,,,,,,,,,,,,,,,,,0.0,,-0.0,1.0,376
,,-0.26059117854907754,,,,,,,-0.3642322129160716,,,,,,,,,,,,0.6248233914651491,1.8679160383850564,377
,,0.0,,,,,,,,,,,,,,,,,,,-0.0,1.0,378
,,,,,,,,,,,,,0.0,,,,,,,,-0.0,1.0,379
,,,,,,,,,,,,,,,,,,,0.0,,-0.0,1.0,380
,,,,,,,,,,,0.0,,,,,,,,,,-0.0,1.0,381
,,,,,,,,,,,,,0.0,,,,,,,,-0.0,1.0,382
,,,,,,,0.0,,,,,,,,,,,,,,-0.0,1.0,383
,,,,,,,,,,,,,,,0.0,,,,,,-0.0,1.0,384
,,,,,,,,,,-0.018407061499389366,,,,,,,,,-0.003199986285279466,,0.02160704778466883,1.0218421704234546,385
,,,,0.0,,,,,,,,,,,,,,,,,-0.0,1.0,386
,,,,,,,,,,,,,0.0,,,,,,,,-0.0,1.0,387
,,,,,,,,,,,,,,,0.0,,,,,,-0.0,1.0,388
,,,,,,,,,,0.0,,,,,,,,,,,-0.0,1.0,389
,,,,,,,,,,,0.0,,,,,,,,,,-0.0,1.0,390
-0.20707555414900003,,,-0.3099030836707184,,,,,,,,,,,,,,,-0.36511586464035417,,,0.8820945024600726,2.415954633714146,391
,,,,,,,,,0.0,,,,,,,,,,,,-0.0,1.0,392
,,,,,,,,,,,,,,0.0,,,,,,,-0.0,1.0,393
,,,,,,,0.0,,,,,,,,,,,,,,-0.0,1.0,394
,,,,,,,0.0,,,,,,,,,,,,,,-0.0,1.0,395
,,,,0.0,,,,,,,,,,,,,,,,,-0.0,1.0,396
-0.003199986285279466,,,,,-0.018407061499389366,,,,,,,,,,,,,,,,0.02160704778466883,1.0218421704234546,397
,,,,,,,,,,,,0.0,,,,,,,,,-0.0,1.0,398
,,,,,,,,,,,,,,0.0,,,,,,,-0.0,1.0,399
,,,,,,,,,0.0,,,,,,,,,,,,-0.0,1.0,400
,,,,,,,,,,,,-0.0315320624078623,,,,,,,-0.11026981073126399,,0.1418018731391263,1.1523483147639877,401
0.0,,,,,,,,,,,,,,,,,,,,,-0.0,1.0,402
,,0.0,,,,,,,,,,,,,,,,,,,-0.0,1.0,403
,,,,,,,,,,-0.003199986285279466,,,,,,,-0.018407061499389366,,,,0.02160704778466883,1.0218421704234546,404
-0.24541003019616153,,,,,,,,,,,,,,,,,,,-0.10563792887607006,,0.3510479590722316,1.420555452800101,405
,,-0.13328993382136273,,,,,-0.24541003019616153,,,,,,,,,,,-0.11026981073126399,,,0.4889697747487882,1.6306354325111125,406
,,,,,,,,-0.33332880452642805,-0.06624303325922086,-0.22517363520647377,,,,,-0.032370871841343185,,,-0.36701492246214956,,,1.0241312672956153,2.784675270990142,407
,,-0.24541003019616153,,,,,,,,,-0.10563792887607006,,,,,,,,,,0.3510479590722316,1.420555452800101,408
,,,,,,,,,,,,,,,-0.003199986285279466,,,-0.018407061499389366,,,0.02160704778466883,1.0218421704234546,409
,,,,,,,,-0.0315320624078623,,,,,,,,,,-0.11026981073126399,,,0.1418018731391263,1.1523483147639877,410
,,-0.04994405484514396,,,,,,,,,,,,,,-0.15232894695229235,,,,,0.20227300179743632,1.2241821664281964,411
,,,,,,,,,-0.003199986285279466,,,-0.018407061499389366,,,,,,,,,0.02160704778466883,1.0218421704234546,412
,,,,,,,0.0,,,,,,,,,,,,,,-0.0,1.0,413
,,,,,,,,,,,,,,,0.0,,,,,,-0.0,1.0,414
,,,,,,,,,,-0.003199986285279466,,-0.018407061499389366,,,,,,,,,0.02160704778466883,1.0218421704234546,415
,,,,,,,,,,,,,,,,,,0.0,,,-0.0,1.0,416
,,,,,,,,,,,,,,,,,,,0.0,,-0.0,1.0,417
,,,,,,,,,,,,,,,0.0,,,,,,-0.0,1.0,418
,,,,,,,,,,,,,,,,,0.0,,,,-0.0,1.0,419
,,,,,,,,,,,,,,,0.0,,,,,,-0.0,1.0,420
,,-0.018407061499389366,-0.003199986285279466,,,,,,,,,,,,,,,,,,0.02160704778466883,1.0218421704234546,421
,,,,,,,0.0,,,,,,,,,,,,,,-0.0,1.0,422
,,,0.0,,,,,,,,,,,,,,,,,,-0.0,1.0,423
,,,,,,,-0.0759854561265659,,,,,,,,,,,,-0.01904466112908044,,0.09503011725564635,1.099691974331694,424
,,,,,,,,,0.0,,,,,,,,,,,,-0.0,1.0,425
,,,,,,,,,,,,,,,,0.0,,,,,-0.0,1.0,426
,,,,,,,0.0,,,,,,,,,,,,,,-0.0,1.0,427
,,,-0.018407061499389366,,,,,,,,,,,,,,,,-0.003199986285279466,,0.02160704778466883,1.0218421704234546,428
,,,,,,,,,,,,,,0.0,,,,,,,-0.0,1.0,429
,,,,,,-0.032370871841343185,,,,,-0.006389666674327003,,,,,,,,,,0.038760538515670184,1.0395215284755581,430
,,,,,,,,,,,,,,0.0,,,,,,,-0.0,1.0,431
,,,-0.018407061499389366,,,,,,,,,,,,,,,,-0.003199986285279466,,0.02160704778466883,1.0218421704234546,432
,,,,,0.0,,,,,,,,,,,,,,,,-0.0,1.0,433
,,,,,,,0.0,,,,,,,,,,,,,,-0.0,1.0,434
,,,,,,,,,,,,,,,,,,,0.0,,-0.0,1.0,435
,,,,,,,,,,,,,,,0.0,,,,,,-0.0,1.0,436
,,,,,,,,,,,,,,,0.0,,,,,,-0.0,1.0,437
,,,,,,,,,,,,,0.0,,,,,,,,-0.0,1.0,438
,,,,,,,,,,,,0.0,,,,,,,,,-0.0,1.0,439
,,0.0,,,,,,,,,,,,,,,,,,,-0.0,1.0,440
,,,,,,,,,,,,,,,,,,,0.0,,-0.0,1.0,441
,,,,,,,,,,,,,,,,0.0,,,,,-0.0,1.0,442
,,,,,,,,,,0.0,,,,,,,,,,,-0.0,1.0,443
,,-0.003199986285279466,-0.018407061499389366,,,,,,,,,,,,,,,,,,0.02160704778466883,1.0218421704234546,444
,,,,,,,,,,,0.0,,,,,,,,,,-0.0,1.0,445
,,,,0.0,,,,,,,,,,,,,,,,,-0.0,1.0,446
,,,,,,,,,,,,,,,,0.0,,,,,-0.0,1.0,447
,,,,,,,,,,,0.0,,,,,,,,,,-0.0,1.0,448
,,,,,,,,,,,,,,,,,,0.0,,,-0.0,1.0,449
,,0.0,,,,,,,,,,,,,,,,,,,-0.0,1.0,450
,,,,,,,,,0.0,,,,,,,,,,,,-0.0,1.0,451
,,,,,,,,,,,,,,,,,,0.0,,,-0.0,1.0,452
,,,-0.012737976568780819,,,,-0.05585524136781528,,,,,,,,,,,,,,0.06859321793659609,1.0710004567505216,453
,,,,,,,,,,,,,,,,,,,0.0,,-0.0,1.0,454
-0.06624303325922086,,,,,,,,,,,,,,,-0.01589653893667171,,,,,,0.08213957219589257,1.0856073198535188,455
,,,,,,,0.0,,,,,,,,,,,,,,-0.0,1.0,456
,,,,,,,,,,,,,,,,,,,0.0,,-0.0,1.0,457
,,,,,,,0.0,,,,,,,,,,,,,,-0.0,1.0,458
,,,,,,,,,,,,,,,,,,,0.0,,-0.0,1.0,459
,,,,,,,,,0.0,,,,,,,,,,,,-0.0,1.0,460
,0.0,,,,,,,,,,,,,,,,,,,,-0.0,1.0,461
,,,,,,,,,-0.003199986285279466,,,,,,,,,,-0.018407061499389366,,0.02160704778466883,1.0218421704234546,462
,,,,,,,,,,,,,,,0.0,,,,,,-0.0,1.0,463
,,0.0,,,,,,,,,,,,,,,,,,,-0.0,1.0,464
,,,-0.02218230902766533,,-0.08519118997204866,,,,,,,,,,,,,,,,0.10737349899971399,1.1133500119477873,465
,,,,,,,,,,,,,,,,0.0,,,,,-0.0,1.0,466
,,,,,,,,,,,,,0.0,,,,,,,,-0.0,1.0,467
,,,,,,,,,,0.0,,,,,,,,,,,-0.0,1.0,468
,,0.0,,,,,,,,,,,,,,,,,,,-0.0,1.0,469
,,,,,,,0.0,,,,,,,,,,,,,,-0.0,1.0,470
,,,,,,,,,0.0,,,,,,,,,,,,-0.0,1.0,471
,,,,,,,,,,,,,,,,0.0,,,,,-0.0,1.0,472
,,,,,,,,,,,,,,,,,,0.0,,,-0.0,1.0,473
,,,,,,,,,,,,,,,,0.0,,,,,-0.0,1.0,474
,,,,,,,,,,,,,,,0.0,,,,,,-0.0,1.0,475
,,,,,,,,,,,,,,-0.04465760479943628,,-0.009569007922200928,,,,,0.0542266127216372,1.05572381549679,476
,,,,,,,,,,,,,,,0.0,,,,,,-0.0,1.0,477
,,,,,,,0.0,,,,,,,,,,,,,,-0.0,1.0,478
,,0.0,,,,,,,,,,,,,,,,,,,-0.0,1.0,479
,,,,,,,,,,0.0,,,,,,,,,,,-0.0,1.0,480
,,,,,,,,,,0.0,,,,,,,,,,,-0.0,1.0,481
,,,,,,,0.0,,,,,,,,,,,,,,-0.0,1.0,482
,,,,,,,,,,,,,0.0,,,,,,,,-0.0,1.0,483
,,,,,,,,,,,0.0,,,,,,,,,,-0.0,1.0,484
,,,0.0,,,,,,,,,,,,,,,,,,-0.0,1.0,485
,,,,,,,,,,,,,,,,,,,0.0,,-0.0,1.0,486
,,,,,,,,,,,,,,,,0.0,,,,,-0.0,1.0,487
,,-0.003199986285279466,,,,,,,,,-0.018407061499389366,,,,,,,,,,0.02160704778466883,1.0218421704234546,488
,,,,,,,0.0,,,,,,,,,,,,,,-0.0,1.0,489
,,,,,,,,,,,,,,,,0.0,,,,,-0.0,1.0,490
,,,,,,,,,0.0,,,,,,,,,,,,-0.0,1.0,491
,,,,,,,,,,,,,,,,,,0.0,,,-0.0,1.0,492
,,,,,,,,,,,,,,,0.0,,,,,,-0.0,1.0,493
,,,,,,,,,0.0,,,,,,,,,,,,-0.0,1.0,494
,,,,,,,,,,,,,,,,0.0,,,,,-0.0,1.0,495
,,,,,,,,,,,,,,0.0,,,,,,,-0.0,1.0,496
,,,,0.0,,,,,,,,,,,,,,,,,-0.0,1.0,497
,,0.0,,,,,,,,,,,,,,,,,,,-0.0,1.0,498
,,,,,,,,,,,,,,0.0,,,,,,,-0.0,1.0,499
,,,,,,,,,,,,,,0.0,,,,,,,-0.0,1.0,500
,,,0.0,,,,,,,,,,,,,,,,,,-0.0,1.0,501
,,,,,,0.0,,,,,,,,,,,,,,,-0.0,1.0,502
,,,,,,,,,,0.0,,,,,,,,,,,-0.0,1.0,503
,,,,,,,,,,,,,,,,,,,0.0,,-0.0,1.0,504
,,,,,,,,,,,,,,,,,,,0.0,,-0.0,1.0,505
,,,,,,,,,,,,,,,,,,0.0,,,-0.0,1.0,506
,,,,,,0.0,,,,,,,,,,,,,,,-0.0,1.0,507
,,,,,,0.0,,,,,,,,,,,,,,,-0.0,1.0,508
0.0,,,,,,,,,,,,,,,,,,,,,-0.0,1.0,509
,,,,,,,,,-0.018407061499389366,,,,,,,,,,-0.003199986285279466,,0.02160704778466883,1.0218421704234546,510
,,,,,,,,,,,,,,,,,,,0.0,,-0.0,1.0,511
,,,,,,,0.0,,,,,,,,,,,,,,-0.0,1.0,512
0.0,,,,,,,,,,,,,,,,,,,,,-0.0,1.0,513
,,,,,,,,,-0.018407061499389366,,,-0.003199986285279466,,,,,,,,,0.02160704778466883,1.0218421704234546,514
,,,,,,,,,,0.0,,,,,,,,,,,-0.0,1.0,515
,,,,,,,,,,,,,,,0.0,,,,,,-0.0,1.0,516
,,,,,0.0,,,,,,,,,,,,,,,,-0.0,1.0,517
,,0.0,,,,,,,,,,,,,,,,,,,-0.0,1.0,518
,,,,,,,,,,,,,0.0,,,,,,,,-0.0,1.0,519
,,,,,,,,,,,,,,,,0.0,,,,,-0.0,1.0,520
,,,,,,,,,,,,,,,0.0,,,,,,-0.0,1.0,521
,,,,,,,,,,,,,,,,,,0.0,,,-0.0,1.0,522
,,,,,,,0.0,,,,,,,,,,,,,,-0.0,1.0,523
,,,,,,,,,,,,,0.0,,,,,,,,-0.0,1.0,524
,,,,,,,,,,,,,,,0.0,,,,,,-0.0,1.0,525
